site_id,site_code,site_name,site_type,site_type_desc,address,city,county,postcode,latitude,longitude,area_type,technology,primary_vendor,tower_height_m,coverage_radius_km,num_sectors,backhaul_type,power_source,status,install_date,last_maintenance
1,LON-SMA-0001,London Small Cell 1,Small,Small Cell,9 High Street,London,Greater London,LO3 4HS,51.364903,-0.195291,urban,5G,Huawei,13,0.4,3,Fiber,Grid + Generator,Active,2019-12-23,2025-09-21
2,LON-SMA-0002,London Small Cell 2,Small,Small Cell,40 Church Lane,London,Greater London,LO11 2CN,51.567797,-0.151944,urban,5G,Ericsson,7,0.46,1,Fiber,Grid,Active,2023-09-28,2025-02-25
3,LON-MAC-0003,London Macro Cell 3,Macro,Macro Cell,181 Main Road,London,Greater London,LO2 4KC,51.370435,-0.139973,urban,5G,Samsung,34,1.62,3,Fiber,Grid + Battery,Active,2023-01-21,2025-08-11
4,LON-SMA-0004,London Small Cell 4,Small,Small Cell,44 Market Street,London,Greater London,LO8 3QN,51.607633,-0.229004,urban,5G,Huawei,15,0.41,2,Microwave,Grid,Active,2019-10-20,2025-01-15
5,LON-MAC-0005,London Macro Cell 5,Macro,Macro Cell,146 London Road,London,Greater London,LO7 8NW,51.587894,-0.261019,urban,4G/5G,Huawei,27,2.1,6,Fiber,Grid,Active,2021-05-14,2025-10-21
6,LON-MAC-0006,London Macro Cell 6,Macro,Macro Cell,24 High Street,London,Greater London,LO4 3WF,51.52581,-0.198978,urban,5G,Huawei,32,2.1,6,Microwave,Grid,Active,2020-07-20,2025-06-17
7,LON-SMA-0007,London Small Cell 7,Small,Small Cell,193 Park Avenue,London,Greater London,LO11 2KP,51.656236,-0.119066,urban,4G,Huawei,6,0.2,1,Microwave,Grid,Active,2022-08-24,2025-08-19
8,LON-ROO-0008,London Rooftop Site 8,Rooftop,Rooftop Site,42 Market Street,London,Greater London,LO17 1VL,51.585989,-0.125495,urban,5G,Nokia,21,1.34,2,Fiber,Grid,Active,2020-09-18,2025-06-29
9,LON-DAS-0009,London Distributed Antenna System 9,DAS,Distributed Antenna System,195 Market Street,London,Greater London,LO5 3XR,51.6069,-0.185546,urban,5G,Huawei,4,0.29,3,Fiber,Grid,Active,2024-06-13,2025-04-05
10,LON-DAS-0010,London Distributed Antenna System 10,DAS,Distributed Antenna System,167 London Road,London,Greater London,LO15 9QD,51.484341,-0.214261,urban,5G,Huawei,7,0.14,1,Fiber,Grid,Offline,2023-06-23,2025-07-11
11,LON-MAC-0011,London Macro Cell 11,Macro,Macro Cell,19 Market Street,London,Greater London,LO8 5XR,51.523576,-0.101268,urban,5G,Huawei,27,1.59,3,Microwave,Grid,Active,2019-05-09,2025-03-14
12,LON-SMA-0012,London Small Cell 12,Small,Small Cell,187 High Street,London,Greater London,LO4 1NZ,51.430299,-0.135908,urban,5G,Ericsson,10,0.4,2,Fiber,Grid,Active,2023-10-01,2025-09-24
13,LON-MAC-0013,London Macro Cell 13,Macro,Macro Cell,139 High Street,London,Greater London,LO3 4FP,51.491984,-0.151236,urban,5G,Ericsson,39,2.88,6,Microwave,Grid,Active,2020-02-06,2025-06-09
14,LON-ROO-0014,London Rooftop Site 14,Rooftop,Rooftop Site,188 Market Street,London,Greater London,LO16 3GK,51.406791,-0.277153,urban,5G,Samsung,24,1.29,1,Fiber,Grid + Generator,Active,2023-09-29,2025-03-29
15,LON-MAC-0015,London Macro Cell 15,Macro,Macro Cell,48 Main Road,London,Greater London,LO20 2XH,51.451481,-0.262757,urban,5G,Samsung,26,2.3,6,Fiber,Grid + Generator,Active,2024-09-11,2025-08-27
16,LON-SMA-0016,London Small Cell 16,Small,Small Cell,81 Church Lane,London,Greater London,LO9 7EX,51.369322,-0.253205,urban,5G,Nokia,9,0.29,3,Fiber,Grid + Battery,Active,2021-04-16,2025-07-23
17,LON-ROO-0017,London Rooftop Site 17,Rooftop,Rooftop Site,90 Main Road,London,Greater London,LO8 6KF,51.63812,-0.275005,urban,5G,Nokia,21,0.6,2,Microwave,Grid,Active,2024-09-03,2025-02-21
18,LON-ROO-0018,London Rooftop Site 18,Rooftop,Rooftop Site,28 Market Street,London,Greater London,LO5 5KV,51.59953,-0.119118,urban,5G,Nokia,18,1.43,1,Fiber,Grid,Active,2020-07-04,2025-01-14
19,LON-SMA-0019,London Small Cell 19,Small,Small Cell,86 Station Road,London,Greater London,LO9 3ZQ,51.436595,-0.13124,urban,4G/5G,Huawei,11,0.23,3,Microwave,Grid + Generator,Active,2022-02-07,2025-12-27
20,LON-MAC-0020,London Macro Cell 20,Macro,Macro Cell,11 Park Avenue,London,Greater London,LO12 1MG,51.640915,-0.070494,urban,5G,Ericsson,42,2.05,3,Fiber,Grid,Active,2020-08-29,2025-03-20
21,LON-DAS-0021,London Distributed Antenna System 21,DAS,Distributed Antenna System,189 London Road,London,Greater London,LO14 4JF,51.479313,-0.091602,urban,5G,Samsung,5,0.27,3,Fiber,Grid + Battery,Active,2023-08-16,2025-12-12
22,LON-DAS-0022,London Distributed Antenna System 22,DAS,Distributed Antenna System,50 Queen Street,London,Greater London,LO11 5CJ,51.42413,-0.032824,urban,5G,Ericsson,6,0.26,2,Microwave,Grid + Battery,Active,2021-07-02,2025-01-18
23,LON-ROO-0023,London Rooftop Site 23,Rooftop,Rooftop Site,112 London Road,London,Greater London,LO11 7VS,51.518265,0.003971,urban,5G,Samsung,23,0.68,1,Microwave,Grid + Generator,Active,2019-06-06,2025-09-25
24,LON-MAC-0024,London Macro Cell 24,Macro,Macro Cell,171 London Road,London,Greater London,LO20 6XD,51.570036,-0.277293,urban,4G/5G,Nokia,31,2.58,3,Microwave,Grid,Active,2023-01-31,2025-01-24
25,LON-SMA-0025,London Small Cell 25,Small,Small Cell,78 Queen Street,London,Greater London,LO18 1KK,51.47812,-0.189103,urban,5G,Nokia,15,0.48,1,Microwave,Grid + Generator,Active,2020-12-13,2025-02-24
26,LON-SMA-0026,London Small Cell 26,Small,Small Cell,170 Mill Lane,London,Greater London,LO11 2HX,51.496896,-0.145152,urban,5G,Nokia,7,0.47,2,Fiber,Grid,Active,2019-12-14,2025-10-17
27,LON-MAC-0027,London Macro Cell 27,Macro,Macro Cell,99 King Street,London,Greater London,LO13 4EW,51.430853,-0.135259,urban,4G/5G,Ericsson,45,2.12,3,Fiber,Grid + Battery,Active,2021-03-07,2025-09-10
28,LON-MAC-0028,London Macro Cell 28,Macro,Macro Cell,171 Market Street,London,Greater London,LO18 6QV,51.64479,-0.122413,urban,5G,Ericsson,39,2.77,6,Microwave,Grid + Battery,Active,2020-06-30,2025-10-11
29,LON-SMA-0029,London Small Cell 29,Small,Small Cell,71 King Street,London,Greater London,LO3 5HJ,51.499802,-0.200043,urban,5G,Nokia,13,0.43,2,Fiber,Grid + Generator,Active,2024-06-07,2025-11-20
30,LON-MAC-0030,London Macro Cell 30,Macro,Macro Cell,53 Queen Street,London,Greater London,LO13 1UN,51.426778,-0.069615,urban,4G/5G,Ericsson,42,2.11,6,Fiber,Grid,Active,2024-03-23,2025-08-01
31,LON-DAS-0031,London Distributed Antenna System 31,DAS,Distributed Antenna System,112 King Street,London,Greater London,LO1 7LX,51.613434,0.008229,urban,5G,Huawei,6,0.21,3,Microwave,Grid,Active,2024-06-22,2025-05-06
32,LON-ROO-0032,London Rooftop Site 32,Rooftop,Rooftop Site,119 Station Road,London,Greater London,LO2 5NL,51.651617,-0.117563,urban,4G/5G,Nokia,17,1.16,1,Microwave,Grid,Active,2023-10-22,2025-07-12
33,LON-DAS-0033,London Distributed Antenna System 33,DAS,Distributed Antenna System,90 Church Lane,London,Greater London,LO3 1AH,51.471138,-0.052197,urban,4G/5G,Ericsson,3,0.12,1,Fiber,Grid + Generator,Offline,2019-08-02,2025-10-14
34,LON-MAC-0034,London Macro Cell 34,Macro,Macro Cell,192 Main Road,London,Greater London,LO6 5DU,51.499468,-0.243483,urban,4G/5G,Nokia,36,1.88,3,Fiber,Grid + Generator,Active,2020-11-18,2025-01-19
35,LON-ROO-0035,London Rooftop Site 35,Rooftop,Rooftop Site,78 Mill Lane,London,Greater London,LO4 1MT,51.469992,0.004641,urban,5G,Nokia,22,1.33,2,Fiber,Grid,Active,2020-02-22,2025-04-16
36,LON-SMA-0036,London Small Cell 36,Small,Small Cell,188 Market Street,London,Greater London,LO9 9RQ,51.361196,-0.151782,urban,5G,Nokia,12,0.31,2,Microwave,Grid,Active,2020-09-18,2025-07-19
37,LON-DAS-0037,London Distributed Antenna System 37,DAS,Distributed Antenna System,84 Station Road,London,Greater London,LO16 4MJ,51.606619,-0.251801,urban,4G/5G,Ericsson,9,0.19,2,Fiber,Grid + Generator,Active,2022-10-09,2025-01-06
38,LON-DAS-0038,London Distributed Antenna System 38,DAS,Distributed Antenna System,126 King Street,London,Greater London,LO1 2KH,51.524137,-0.122812,urban,5G,Ericsson,6,0.18,2,Fiber,Grid,Active,2024-05-04,2025-01-26
39,LON-SMA-0039,London Small Cell 39,Small,Small Cell,60 Main Road,London,Greater London,LO7 6DZ,51.499378,-0.118523,urban,5G,Huawei,12,0.3,3,Fiber,Grid,Active,2022-01-14,2025-09-12
40,LON-SMA-0040,London Small Cell 40,Small,Small Cell,46 Park Avenue,London,Greater London,LO1 9EJ,51.44035,-0.100924,urban,4G/5G,Nokia,8,0.49,1,Fiber,Grid + Generator,Active,2022-04-28,2025-08-04
41,LON-SMA-0041,London Small Cell 41,Small,Small Cell,48 High Street,London,Greater London,LO9 8DC,51.395284,-0.017262,urban,5G,Huawei,12,0.37,2,Microwave,Grid,Active,2024-05-14,2025-03-11
42,LON-SMA-0042,London Small Cell 42,Small,Small Cell,159 Church Lane,London,Greater London,LO17 7QQ,51.373483,-0.233041,urban,5G,Ericsson,6,0.5,2,Microwave,Grid + Battery,Active,2023-09-01,2025-07-28
43,LON-SMA-0043,London Small Cell 43,Small,Small Cell,45 Market Street,London,Greater London,LO3 3AP,51.375469,0.010233,urban,5G,Huawei,9,0.39,2,Microwave,Grid + Battery,Active,2019-11-29,2025-08-04
44,LON-MAC-0044,London Macro Cell 44,Macro,Macro Cell,140 Church Lane,London,Greater London,LO5 5EC,51.443831,-0.192984,urban,4G/5G,Ericsson,33,1.85,3,Fiber,Grid,Active,2021-03-21,2025-03-02
45,LON-SMA-0045,London Small Cell 45,Small,Small Cell,113 Main Road,London,Greater London,LO20 1PZ,51.528162,-0.191217,urban,5G,Huawei,9,0.41,2,Microwave,Grid,Active,2024-08-11,2025-12-18
46,LON-MAC-0046,London Macro Cell 46,Macro,Macro Cell,45 King Street,London,Greater London,LO17 8JF,51.645973,-0.027012,urban,5G,Samsung,33,3.0,6,Microwave,Grid,Active,2019-06-14,2025-05-05
47,LON-MAC-0047,London Macro Cell 47,Macro,Macro Cell,141 High Street,London,Greater London,LO15 2LJ,51.457393,-0.07676,urban,4G/5G,Ericsson,34,2.54,3,Fiber,Grid + Battery,Active,2023-06-29,2025-04-12
48,LON-DAS-0048,London Distributed Antenna System 48,DAS,Distributed Antenna System,53 Park Avenue,London,Greater London,LO18 3KQ,51.357745,-0.01699,urban,5G,Ericsson,10,0.2,3,Microwave,Grid,Active,2023-12-16,2025-12-17
49,LON-ROO-0049,London Rooftop Site 49,Rooftop,Rooftop Site,30 King Street,London,Greater London,LO4 3RY,51.540062,-0.206011,urban,5G,Nokia,17,1.05,2,Microwave,Grid,Offline,2021-07-09,2025-06-02
50,LON-DAS-0050,London Distributed Antenna System 50,DAS,Distributed Antenna System,107 London Road,London,Greater London,LO17 5AK,51.651473,-0.204681,urban,5G,Nokia,5,0.28,3,Fiber,Grid + Generator,Active,2019-10-13,2025-03-10
51,LON-ROO-0051,London Rooftop Site 51,Rooftop,Rooftop Site,49 Church Lane,London,Greater London,LO19 7HP,51.504292,-0.233221,urban,5G,Ericsson,27,1.05,1,Fiber,Grid + Battery,Maintenance,2024-02-09,2025-01-04
52,LON-ROO-0052,London Rooftop Site 52,Rooftop,Rooftop Site,152 London Road,London,Greater London,LO4 8DS,51.471769,0.018724,urban,4G/5G,Huawei,16,0.65,2,Fiber,Grid,Active,2020-06-01,2025-06-05
53,LON-DAS-0053,London Distributed Antenna System 53,DAS,Distributed Antenna System,173 Market Street,London,Greater London,LO13 6WY,51.648387,-0.255352,urban,4G/5G,Ericsson,9,0.22,2,Microwave,Grid,Active,2019-11-25,2025-02-18
54,LON-MAC-0054,London Macro Cell 54,Macro,Macro Cell,26 King Street,London,Greater London,LO6 5AB,51.546748,-0.001521,urban,4G,Huawei,28,2.15,3,Fiber,Grid,Active,2023-07-12,2025-07-01
55,LON-SMA-0055,London Small Cell 55,Small,Small Cell,62 King Street,London,Greater London,LO19 3HQ,51.401071,-0.11845,urban,5G,Huawei,6,0.25,3,Fiber,Grid + Battery,Active,2023-04-16,2025-08-23
56,LON-SMA-0056,London Small Cell 56,Small,Small Cell,109 Park Avenue,London,Greater London,LO15 5GN,51.627073,-0.138224,urban,5G,Nokia,10,0.22,2,Fiber,Grid,Active,2022-05-10,2025-06-19
57,LON-SMA-0057,London Small Cell 57,Small,Small Cell,176 High Street,London,Greater London,LO20 8KH,51.529844,0.020008,urban,5G,Samsung,9,0.4,3,Fiber,Grid,Active,2019-02-03,2025-02-09
58,LON-MAC-0058,London Macro Cell 58,Macro,Macro Cell,113 High Street,London,Greater London,LO19 6ZE,51.432588,-0.051127,urban,4G/5G,Huawei,28,1.71,3,Fiber,Grid,Active,2019-06-11,2025-06-02
59,LON-MAC-0059,London Macro Cell 59,Macro,Macro Cell,124 Park Avenue,London,Greater London,LO11 2QC,51.397048,-0.115978,urban,4G,Nokia,30,2.87,3,Fiber,Grid + Battery,Active,2017-11-18,2025-03-21
60,LON-SMA-0060,London Small Cell 60,Small,Small Cell,164 London Road,London,Greater London,LO4 4RA,51.594605,-0.273624,urban,5G,Nokia,15,0.4,3,Microwave,Grid,Active,2021-12-09,2025-02-22
61,LON-MAC-0061,London Macro Cell 61,Macro,Macro Cell,78 King Street,London,Greater London,LO4 2HT,51.376365,-0.030643,urban,4G/5G,Ericsson,29,2.11,3,Microwave,Grid + Battery,Maintenance,2019-07-05,2025-06-25
62,LON-SMA-0062,London Small Cell 62,Small,Small Cell,158 Queen Street,London,Greater London,LO9 1YM,51.580342,0.005992,urban,5G,Huawei,11,0.25,1,Microwave,Grid + Battery,Active,2020-02-10,2025-09-02
63,LON-DAS-0063,London Distributed Antenna System 63,DAS,Distributed Antenna System,32 King Street,London,Greater London,LO3 4WW,51.387206,-0.072096,urban,5G,Samsung,9,0.17,3,Fiber,Grid,Active,2022-02-04,2025-07-14
64,LON-MAC-0064,London Macro Cell 64,Macro,Macro Cell,38 Mill Lane,London,Greater London,LO1 5EE,51.395177,-0.108427,urban,5G,Huawei,31,1.81,3,Fiber,Grid,Active,2021-08-12,2025-01-27
65,BIR-DAS-0065,Birmingham Distributed Antenna System 1,DAS,Distributed Antenna System,108 Market Street,Birmingham,West Midlands,BI4 2RQ,52.375741,-1.932927,urban,4G/5G,Nokia,7,0.1,2,Microwave,Grid + Generator,Active,2019-08-03,2025-11-06
66,BIR-SMA-0066,Birmingham Small Cell 2,Small,Small Cell,8 High Street,Birmingham,West Midlands,BI16 7PX,52.402665,-1.855868,urban,4G/5G,Samsung,9,0.4,1,Microwave,Grid + Battery,Active,2024-02-20,2025-11-24
67,BIR-DAS-0067,Birmingham Distributed Antenna System 3,DAS,Distributed Antenna System,136 Park Avenue,Birmingham,West Midlands,BI15 9VP,52.432834,-1.9959,urban,5G,Nokia,8,0.22,1,Fiber,Grid + Generator,Offline,2023-04-10,2025-09-12
68,BIR-SMA-0068,Birmingham Small Cell 4,Small,Small Cell,66 London Road,Birmingham,West Midlands,BI5 8CC,52.602627,-1.916256,urban,4G/5G,Nokia,10,0.42,1,Fiber,Grid + Battery,Active,2023-10-15,2025-11-12
69,BIR-SMA-0069,Birmingham Small Cell 5,Small,Small Cell,171 Queen Street,Birmingham,West Midlands,BI2 5VK,52.447994,-2.001365,urban,5G,Samsung,15,0.37,2,Fiber,Grid + Generator,Active,2020-05-15,2025-04-16
70,BIR-MAC-0070,Birmingham Macro Cell 6,Macro,Macro Cell,144 Mill Lane,Birmingham,West Midlands,BI20 9AV,52.533221,-1.973127,urban,5G,Huawei,33,2.05,3,Fiber,Grid,Active,2021-07-15,2025-08-14
71,BIR-SMA-0071,Birmingham Small Cell 7,Small,Small Cell,163 High Street,Birmingham,West Midlands,BI3 9GN,52.428895,-1.938453,urban,5G,Huawei,11,0.37,2,Microwave,Grid,Active,2019-10-13,2025-10-12
72,BIR-SMA-0072,Birmingham Small Cell 8,Small,Small Cell,70 King Street,Birmingham,West Midlands,BI14 8VQ,52.552679,-1.807349,urban,5G,Ericsson,7,0.22,2,Fiber,Grid,Active,2019-07-23,2025-04-13
73,BIR-MAC-0073,Birmingham Macro Cell 9,Macro,Macro Cell,154 High Street,Birmingham,West Midlands,BI1 4KG,52.465174,-1.955426,urban,5G,Nokia,26,2.5,3,Fiber,Grid,Active,2021-06-22,2025-07-17
74,BIR-MAC-0074,Birmingham Macro Cell 10,Macro,Macro Cell,190 High Street,Birmingham,West Midlands,BI14 1QC,52.485416,-1.911203,urban,5G,Nokia,42,1.85,3,Microwave,Grid + Battery,Active,2022-12-21,2025-03-13
75,BIR-SMA-0075,Birmingham Small Cell 11,Small,Small Cell,93 Main Road,Birmingham,West Midlands,BI14 2HP,52.528243,-1.953545,urban,5G,Samsung,14,0.25,3,Microwave,Grid + Generator,Active,2024-02-28,2025-11-21
76,BIR-SMA-0076,Birmingham Small Cell 12,Small,Small Cell,199 London Road,Birmingham,West Midlands,BI12 3HD,52.429282,-1.938546,urban,5G,Ericsson,6,0.35,1,Fiber,Grid,Active,2024-12-13,2025-10-04
77,BIR-SMA-0077,Birmingham Small Cell 13,Small,Small Cell,145 Mill Lane,Birmingham,West Midlands,BI11 6EQ,52.564265,-1.843747,urban,5G,Huawei,14,0.35,1,Microwave,Grid + Battery,Active,2024-01-13,2025-02-11
78,BIR-MAC-0078,Birmingham Macro Cell 14,Macro,Macro Cell,20 Main Road,Birmingham,West Midlands,BI20 9NQ,52.418602,-2.023548,urban,5G,Ericsson,26,2.18,3,Microwave,Grid + Generator,Active,2023-02-19,2025-02-01
79,BIR-MAC-0079,Birmingham Macro Cell 15,Macro,Macro Cell,166 Station Road,Birmingham,West Midlands,BI2 4YQ,52.517702,-1.88999,urban,4G,Nokia,35,2.72,6,Microwave,Grid + Generator,Active,2023-01-04,2025-02-22
80,BIR-MAC-0080,Birmingham Macro Cell 16,Macro,Macro Cell,25 Market Street,Birmingham,West Midlands,BI13 5JZ,52.448056,-1.955532,urban,5G,Ericsson,45,2.4,3,Fiber,Grid,Active,2022-10-02,2025-03-08
81,BIR-SMA-0081,Birmingham Small Cell 17,Small,Small Cell,165 London Road,Birmingham,West Midlands,BI5 9CW,52.611224,-1.94733,urban,5G,Huawei,6,0.24,3,Microwave,Grid + Generator,Active,2022-06-22,2025-06-29
82,BIR-MAC-0082,Birmingham Macro Cell 18,Macro,Macro Cell,26 Market Street,Birmingham,West Midlands,BI18 9BX,52.42886,-1.755049,urban,5G,Huawei,29,1.79,3,Microwave,Grid,Active,2020-09-26,2025-03-01
83,BIR-SMA-0083,Birmingham Small Cell 19,Small,Small Cell,174 Church Lane,Birmingham,West Midlands,BI15 5ZQ,52.384874,-1.790996,urban,4G/5G,Huawei,12,0.25,1,Microwave,Grid,Active,2019-06-28,2025-07-26
84,BIR-ROO-0084,Birmingham Rooftop Site 20,Rooftop,Rooftop Site,200 Queen Street,Birmingham,West Midlands,BI17 9PF,52.571511,-1.769208,urban,5G,Huawei,29,1.07,1,Microwave,Grid,Active,2024-03-06,2025-08-25
85,BIR-MAC-0085,Birmingham Macro Cell 21,Macro,Macro Cell,42 Park Avenue,Birmingham,West Midlands,BI15 9EP,52.480377,-1.929036,urban,4G/5G,Huawei,28,2.27,3,Fiber,Grid + Battery,Active,2022-03-13,2025-07-06
86,BIR-ROO-0086,Birmingham Rooftop Site 22,Rooftop,Rooftop Site,26 London Road,Birmingham,West Midlands,BI5 3BK,52.460669,-1.921464,urban,5G,Nokia,22,0.58,2,Fiber,Grid + Battery,Active,2019-04-26,2025-05-16
87,BIR-SMA-0087,Birmingham Small Cell 23,Small,Small Cell,199 Park Avenue,Birmingham,West Midlands,BI8 5DB,52.607957,-2.034699,urban,5G,Ericsson,14,0.48,1,Microwave,Grid + Generator,Active,2024-12-01,2025-05-11
88,BIR-MAC-0088,Birmingham Macro Cell 24,Macro,Macro Cell,158 London Road,Birmingham,West Midlands,BI8 7FX,52.587206,-1.890451,urban,5G,Nokia,29,2.36,3,Microwave,Grid,Active,2022-04-08,2025-11-27
89,BIR-ROO-0089,Birmingham Rooftop Site 25,Rooftop,Rooftop Site,65 High Street,Birmingham,West Midlands,BI12 2MH,52.499425,-1.804476,urban,5G,Ericsson,16,1.37,3,Fiber,Grid + Generator,Degraded,2023-05-04,2025-07-14
90,MAN-MAC-0090,Manchester Macro Cell 1,Macro,Macro Cell,17 King Street,Manchester,Greater Manchester,MA2 5GB,53.43649,-2.291036,urban,5G,Huawei,40,2.53,3,Fiber,Grid,Active,2021-01-16,2025-07-26
91,MAN-SMA-0091,Manchester Small Cell 2,Small,Small Cell,85 Park Avenue,Manchester,Greater Manchester,MA4 6PN,53.627537,-2.229691,urban,5G,Huawei,10,0.26,3,Microwave,Grid + Battery,Active,2019-07-15,2025-07-11
92,MAN-ROO-0092,Manchester Rooftop Site 3,Rooftop,Rooftop Site,47 Market Street,Manchester,Greater Manchester,MA10 6DC,53.479661,-2.243343,urban,4G/5G,Nokia,28,1.3,2,Fiber,Grid,Active,2019-11-20,2025-05-17
93,MAN-SMA-0093,Manchester Small Cell 4,Small,Small Cell,15 Main Road,Manchester,Greater Manchester,MA13 6SZ,53.458635,-2.185671,urban,5G,Ericsson,10,0.46,3,Fiber,Grid,Active,2023-11-17,2025-10-19
94,MAN-DAS-0094,Manchester Distributed Antenna System 5,DAS,Distributed Antenna System,9 Mill Lane,Manchester,Greater Manchester,MA5 8MM,53.534227,-2.261148,urban,5G,Ericsson,8,0.23,2,Fiber,Grid + Generator,Maintenance,2023-04-18,2025-10-22
95,MAN-SMA-0095,Manchester Small Cell 6,Small,Small Cell,144 Main Road,Manchester,Greater Manchester,MA9 5YQ,53.45021,-2.197732,urban,5G,Ericsson,12,0.42,1,Microwave,Grid,Active,2024-10-21,2025-01-10
96,MAN-ROO-0096,Manchester Rooftop Site 7,Rooftop,Rooftop Site,82 London Road,Manchester,Greater Manchester,MA3 9TK,53.47816,-2.355809,urban,4G/5G,Nokia,29,1.4,2,Fiber,Grid,Active,2019-12-26,2025-06-29
97,MAN-SMA-0097,Manchester Small Cell 8,Small,Small Cell,142 Station Road,Manchester,Greater Manchester,MA20 2CK,53.367209,-2.332306,urban,5G,Huawei,13,0.21,2,Microwave,Grid + Generator,Active,2023-02-20,2025-06-04
98,MAN-DAS-0098,Manchester Distributed Antenna System 9,DAS,Distributed Antenna System,200 Market Street,Manchester,Greater Manchester,MA19 3EP,53.577802,-2.370475,urban,4G,Nokia,8,0.19,3,Fiber,Grid,Active,2016-06-09,2025-04-10
99,MAN-MAC-0099,Manchester Macro Cell 10,Macro,Macro Cell,163 Market Street,Manchester,Greater Manchester,MA9 3WK,53.380197,-2.295802,urban,4G/5G,Ericsson,34,2.91,3,Microwave,Grid,Active,2019-11-20,2025-03-03
100,MAN-ROO-0100,Manchester Rooftop Site 11,Rooftop,Rooftop Site,165 Mill Lane,Manchester,Greater Manchester,MA9 4UP,53.377058,-2.19498,urban,4G/5G,Nokia,16,1.34,3,Fiber,Grid + Battery,Active,2019-04-27,2025-02-13
101,MAN-SMA-0101,Manchester Small Cell 12,Small,Small Cell,41 King Street,Manchester,Greater Manchester,MA14 8QG,53.523372,-2.301972,urban,5G,Huawei,12,0.32,2,Microwave,Grid,Active,2019-10-26,2025-07-24
102,MAN-DAS-0102,Manchester Distributed Antenna System 13,DAS,Distributed Antenna System,32 Park Avenue,Manchester,Greater Manchester,MA15 4ED,53.426595,-2.096193,urban,5G,Nokia,4,0.25,1,Fiber,Grid + Battery,Active,2022-07-31,2025-02-19
103,MAN-SMA-0103,Manchester Small Cell 14,Small,Small Cell,132 King Street,Manchester,Greater Manchester,MA16 5RA,53.619606,-2.121907,urban,4G/5G,Samsung,8,0.42,1,Microwave,Grid + Generator,Active,2020-10-14,2025-05-11
104,MAN-ROO-0104,Manchester Rooftop Site 15,Rooftop,Rooftop Site,28 Queen Street,Manchester,Greater Manchester,MA5 5ZM,53.395343,-2.286731,urban,5G,Nokia,30,1.38,2,Fiber,Grid,Active,2022-03-16,2025-06-09
105,MAN-MAC-0105,Manchester Macro Cell 16,Macro,Macro Cell,160 Mill Lane,Manchester,Greater Manchester,MA4 3DN,53.499345,-2.283843,urban,5G,Nokia,42,2.18,3,Fiber,Grid + Generator,Active,2022-02-19,2025-06-27
106,MAN-DAS-0106,Manchester Distributed Antenna System 17,DAS,Distributed Antenna System,39 Mill Lane,Manchester,Greater Manchester,MA17 3LV,53.390517,-2.239863,urban,5G,Ericsson,8,0.13,2,Fiber,Grid + Battery,Active,2024-04-24,2025-02-19
107,MAN-SMA-0107,Manchester Small Cell 18,Small,Small Cell,95 London Road,Manchester,Greater Manchester,MA4 7UK,53.42057,-2.291688,urban,4G/5G,Nokia,9,0.41,3,Fiber,Grid + Generator,Active,2024-04-29,2025-05-03
108,MAN-MAC-0108,Manchester Macro Cell 19,Macro,Macro Cell,185 Mill Lane,Manchester,Greater Manchester,MA13 3XH,53.527477,-2.100983,urban,5G,Ericsson,40,1.58,3,Microwave,Grid,Active,2020-11-29,2025-09-25
109,MAN-MAC-0109,Manchester Macro Cell 20,Macro,Macro Cell,133 Church Lane,Manchester,Greater Manchester,MA18 6XR,53.424908,-2.347171,urban,5G,Nokia,40,2.66,6,Fiber,Grid,Active,2019-09-13,2025-05-10
110,MAN-ROO-0110,Manchester Rooftop Site 21,Rooftop,Rooftop Site,64 Park Avenue,Manchester,Greater Manchester,MA18 5HK,53.433498,-2.286314,urban,4G/5G,Huawei,23,1.14,2,Fiber,Grid + Battery,Active,2024-06-06,2025-07-22
111,MAN-SMA-0111,Manchester Small Cell 22,Small,Small Cell,102 London Road,Manchester,Greater Manchester,MA5 5BK,53.498946,-2.112254,urban,4G/5G,Ericsson,13,0.37,3,Fiber,Grid,Active,2023-04-05,2025-05-19
112,MAN-SMA-0112,Manchester Small Cell 23,Small,Small Cell,190 Mill Lane,Manchester,Greater Manchester,MA8 4BX,53.555002,-2.328404,urban,4G/5G,Ericsson,9,0.37,3,Fiber,Grid,Active,2020-07-16,2025-12-05
113,MAN-MAC-0113,Manchester Macro Cell 24,Macro,Macro Cell,122 King Street,Manchester,Greater Manchester,MA7 5LK,53.429888,-2.250879,urban,5G,Ericsson,30,2.95,3,Fiber,Grid + Generator,Active,2023-07-25,2025-09-04
114,MAN-SMA-0114,Manchester Small Cell 25,Small,Small Cell,102 King Street,Manchester,Greater Manchester,MA6 5BA,53.547735,-2.111599,urban,4G/5G,Ericsson,7,0.46,2,Microwave,Grid + Generator,Offline,2019-05-29,2025-11-07
115,LEE-ROO-0115,Leeds Rooftop Site 1,Rooftop,Rooftop Site,50 Main Road,Leeds,West Yorkshire,LE11 3ZQ,53.751313,-1.562795,urban,5G,Nokia,19,1.39,3,Fiber,Grid,Active,2024-08-27,2025-12-24
116,LEE-SMA-0116,Leeds Small Cell 2,Small,Small Cell,23 Queen Street,Leeds,West Yorkshire,LE4 3ER,53.88803,-1.528766,urban,4G/5G,Ericsson,11,0.46,2,Fiber,Grid,Active,2023-10-18,2025-08-20
117,LEE-SMA-0117,Leeds Small Cell 3,Small,Small Cell,16 Main Road,Leeds,West Yorkshire,LE15 5FN,53.784821,-1.619002,urban,5G,Nokia,9,0.37,3,Microwave,Grid,Active,2023-01-12,2025-01-12
118,LEE-MAC-0118,Leeds Macro Cell 4,Macro,Macro Cell,156 London Road,Leeds,West Yorkshire,LE14 9RT,53.925639,-1.610589,urban,5G,Ericsson,29,1.7,3,Fiber,Grid + Generator,Active,2024-02-07,2025-11-20
119,LEE-SMA-0119,Leeds Small Cell 5,Small,Small Cell,39 Station Road,Leeds,West Yorkshire,LE11 9QD,53.809252,-1.590565,urban,4G/5G,Ericsson,13,0.45,3,Fiber,Grid + Generator,Active,2021-04-08,2025-04-25
120,LEE-MAC-0120,Leeds Macro Cell 6,Macro,Macro Cell,79 High Street,Leeds,West Yorkshire,LE13 5AZ,53.803913,-1.456492,urban,5G,Nokia,26,2.19,3,Microwave,Grid,Active,2024-03-08,2025-12-08
121,LEE-SMA-0121,Leeds Small Cell 7,Small,Small Cell,47 Station Road,Leeds,West Yorkshire,LE14 6NQ,53.860915,-1.536751,urban,5G,Huawei,12,0.5,2,Microwave,Grid,Active,2019-05-10,2025-01-16
122,LEE-ROO-0122,Leeds Rooftop Site 8,Rooftop,Rooftop Site,58 High Street,Leeds,West Yorkshire,LE1 5QX,53.913166,-1.659203,urban,4G/5G,Ericsson,27,1.49,3,Microwave,Grid + Battery,Active,2024-12-06,2025-04-03
123,LEE-SMA-0123,Leeds Small Cell 9,Small,Small Cell,108 Mill Lane,Leeds,West Yorkshire,LE1 4GC,53.719699,-1.560912,urban,5G,Ericsson,6,0.46,1,Microwave,Grid,Active,2019-05-12,2025-05-17
124,LEE-SMA-0124,Leeds Small Cell 10,Small,Small Cell,75 Church Lane,Leeds,West Yorkshire,LE19 6UV,53.861786,-1.684497,urban,4G/5G,Nokia,8,0.27,3,Fiber,Grid,Active,2019-08-20,2025-07-30
125,LEE-DAS-0125,Leeds Distributed Antenna System 11,DAS,Distributed Antenna System,13 London Road,Leeds,West Yorkshire,LE13 9LY,53.946509,-1.542725,urban,5G,Ericsson,5,0.21,2,Microwave,Grid,Active,2023-10-16,2025-07-31
126,LEE-SMA-0126,Leeds Small Cell 12,Small,Small Cell,107 Market Street,Leeds,West Yorkshire,LE17 3NH,53.877125,-1.557044,urban,4G/5G,Ericsson,12,0.41,2,Fiber,Grid,Active,2019-08-25,2025-02-03
127,LEE-MAC-0127,Leeds Macro Cell 13,Macro,Macro Cell,49 Mill Lane,Leeds,West Yorkshire,LE18 4RG,53.785736,-1.587777,urban,5G,Huawei,37,1.58,3,Fiber,Grid,Active,2019-06-11,2025-09-14
128,LEE-ROO-0128,Leeds Rooftop Site 14,Rooftop,Rooftop Site,142 London Road,Leeds,West Yorkshire,LE10 7QT,53.939423,-1.663905,urban,4G,Nokia,21,0.74,3,Fiber,Grid,Active,2019-06-13,2025-08-20
129,LEE-SMA-0129,Leeds Small Cell 15,Small,Small Cell,106 High Street,Leeds,West Yorkshire,LE19 4ZE,53.915644,-1.559299,urban,4G/5G,Huawei,10,0.43,1,Fiber,Grid + Generator,Active,2021-04-12,2025-03-07
130,LEE-SMA-0130,Leeds Small Cell 16,Small,Small Cell,126 King Street,Leeds,West Yorkshire,LE15 3ZM,53.776073,-1.653377,urban,5G,Nokia,12,0.45,1,Fiber,Grid + Generator,Active,2022-10-14,2025-04-25
131,LIV-MAC-0131,Liverpool Macro Cell 1,Macro,Macro Cell,196 High Street,Liverpool,Merseyside,LI14 3WH,53.525209,-2.844503,urban,4G,Nokia,27,2.76,3,Fiber,Grid,Active,2024-03-04,2025-09-11
132,LIV-SMA-0132,Liverpool Small Cell 2,Small,Small Cell,142 Queen Street,Liverpool,Merseyside,LI1 1SZ,53.37036,-2.956249,urban,5G,Nokia,12,0.34,2,Microwave,Grid,Active,2019-03-06,2025-12-23
133,LIV-SMA-0133,Liverpool Small Cell 3,Small,Small Cell,159 Market Street,Liverpool,Merseyside,LI9 6JN,53.467758,-3.012428,urban,4G/5G,Ericsson,13,0.48,1,Fiber,Grid + Battery,Active,2020-09-01,2025-05-10
134,LIV-SMA-0134,Liverpool Small Cell 4,Small,Small Cell,98 Queen Street,Liverpool,Merseyside,LI18 8BW,53.55547,-3.073843,urban,5G,Huawei,15,0.4,1,Fiber,Grid,Active,2019-05-10,2025-04-20
135,LIV-DAS-0135,Liverpool Distributed Antenna System 5,DAS,Distributed Antenna System,178 Mill Lane,Liverpool,Merseyside,LI16 5BC,53.451872,-3.042219,urban,4G,Samsung,3,0.28,3,Fiber,Grid + Generator,Active,2017-07-30,2025-03-18
136,LIV-SMA-0136,Liverpool Small Cell 6,Small,Small Cell,145 Church Lane,Liverpool,Merseyside,LI19 7XT,53.312206,-2.886472,urban,5G,Ericsson,11,0.24,2,Microwave,Grid,Active,2019-11-12,2025-01-13
137,LIV-SMA-0137,Liverpool Small Cell 7,Small,Small Cell,84 High Street,Liverpool,Merseyside,LI9 8RH,53.408638,-2.849303,urban,5G,Nokia,10,0.45,2,Microwave,Grid + Battery,Degraded,2023-06-13,2025-05-24
138,LIV-MAC-0138,Liverpool Macro Cell 8,Macro,Macro Cell,98 Station Road,Liverpool,Merseyside,LI13 6MD,53.434163,-3.027578,urban,4G/5G,Ericsson,27,1.87,3,Fiber,Grid,Active,2019-12-03,2025-05-18
139,LIV-SMA-0139,Liverpool Small Cell 9,Small,Small Cell,91 Market Street,Liverpool,Merseyside,LI3 6NA,53.33933,-3.101848,urban,5G,Nokia,11,0.37,2,Microwave,Grid + Battery,Active,2020-02-28,2025-11-18
140,LIV-SMA-0140,Liverpool Small Cell 10,Small,Small Cell,69 King Street,Liverpool,Merseyside,LI5 2FP,53.426261,-2.843781,urban,5G,Nokia,7,0.41,2,Microwave,Grid,Active,2020-07-22,2025-04-28
141,LIV-DAS-0141,Liverpool Distributed Antenna System 11,DAS,Distributed Antenna System,2 Queen Street,Liverpool,Merseyside,LI11 7LQ,53.366737,-2.858333,urban,4G/5G,Nokia,10,0.22,2,Microwave,Grid + Generator,Active,2020-03-14,2025-10-23
142,LIV-MAC-0142,Liverpool Macro Cell 12,Macro,Macro Cell,163 King Street,Liverpool,Merseyside,LI19 4LN,53.439363,-2.933012,urban,5G,Ericsson,35,2.1,3,Microwave,Grid,Active,2022-04-08,2025-11-03
143,LIV-ROO-0143,Liverpool Rooftop Site 13,Rooftop,Rooftop Site,75 Main Road,Liverpool,Merseyside,LI14 8EW,53.31834,-2.842421,urban,5G,Huawei,29,0.53,2,Fiber,Grid,Active,2021-05-08,2025-01-28
144,LIV-MAC-0144,Liverpool Macro Cell 14,Macro,Macro Cell,178 Queen Street,Liverpool,Merseyside,LI18 1MY,53.385338,-3.028503,urban,5G,Nokia,42,2.37,3,Fiber,Grid,Maintenance,2024-09-06,2025-01-29
145,LIV-SMA-0145,Liverpool Small Cell 15,Small,Small Cell,26 Park Avenue,Liverpool,Merseyside,LI8 9ZS,53.308302,-2.957797,urban,5G,Nokia,10,0.39,3,Microwave,Grid + Generator,Active,2023-10-30,2025-09-09
146,LIV-SMA-0146,Liverpool Small Cell 16,Small,Small Cell,107 Main Road,Liverpool,Merseyside,LI4 3MK,53.37574,-2.909897,urban,5G,Nokia,5,0.3,2,Microwave,Grid,Active,2024-05-31,2025-04-09
147,SHE-SMA-0147,Sheffield Small Cell 1,Small,Small Cell,166 Main Road,Sheffield,South Yorkshire,SH6 4SF,53.373949,-1.48865,urban,5G,Ericsson,6,0.29,3,Fiber,Grid,Active,2019-04-03,2025-03-20
148,SHE-SMA-0148,Sheffield Small Cell 2,Small,Small Cell,51 King Street,Sheffield,South Yorkshire,SH19 7NA,53.369716,-1.380773,urban,5G,Ericsson,11,0.4,3,Fiber,Grid,Active,2019-04-30,2025-08-11
149,SHE-DAS-0149,Sheffield Distributed Antenna System 3,DAS,Distributed Antenna System,68 King Street,Sheffield,South Yorkshire,SH17 6VN,53.473719,-1.601331,urban,5G,Huawei,8,0.14,3,Microwave,Grid + Generator,Active,2021-03-18,2025-11-03
150,SHE-MAC-0150,Sheffield Macro Cell 4,Macro,Macro Cell,81 Main Road,Sheffield,South Yorkshire,SH8 5DF,53.484755,-1.434891,urban,4G/5G,Huawei,44,1.95,3,Fiber,Grid + Generator,Active,2019-12-14,2025-06-16
151,SHE-SMA-0151,Sheffield Small Cell 5,Small,Small Cell,126 Park Avenue,Sheffield,South Yorkshire,SH5 3LQ,53.27246,-1.504987,urban,5G,Nokia,15,0.41,3,Fiber,Grid,Active,2020-12-10,2025-12-27
152,SHE-SMA-0152,Sheffield Small Cell 6,Small,Small Cell,114 King Street,Sheffield,South Yorkshire,SH6 2UA,53.289639,-1.504917,urban,5G,Huawei,12,0.32,1,Fiber,Grid,Active,2023-08-30,2025-08-13
153,SHE-MAC-0153,Sheffield Macro Cell 7,Macro,Macro Cell,69 Market Street,Sheffield,South Yorkshire,SH12 9BZ,53.317701,-1.385878,urban,5G,Huawei,41,2.24,6,Microwave,Grid,Active,2020-04-08,2025-05-28
154,SHE-MAC-0154,Sheffield Macro Cell 8,Macro,Macro Cell,31 Church Lane,Sheffield,South Yorkshire,SH7 6YV,53.480121,-1.394696,urban,5G,Samsung,36,2.17,6,Fiber,Grid + Generator,Active,2019-12-23,2025-10-21
155,SHE-DAS-0155,Sheffield Distributed Antenna System 9,DAS,Distributed Antenna System,75 Park Avenue,Sheffield,South Yorkshire,SH19 5SX,53.475159,-1.378468,urban,5G,Nokia,5,0.22,1,Fiber,Grid + Battery,Degraded,2022-08-18,2025-12-01
156,SHE-ROO-0156,Sheffield Rooftop Site 10,Rooftop,Rooftop Site,148 Park Avenue,Sheffield,South Yorkshire,SH14 7QC,53.491214,-1.582034,urban,4G/5G,Ericsson,22,1.21,3,Fiber,Grid + Battery,Active,2023-05-28,2025-04-12
157,SHE-SMA-0157,Sheffield Small Cell 11,Small,Small Cell,179 London Road,Sheffield,South Yorkshire,SH3 9NG,53.439511,-1.356905,urban,5G,Nokia,6,0.37,2,Fiber,Grid + Battery,Active,2024-02-21,2025-08-16
158,SHE-MAC-0158,Sheffield Macro Cell 12,Macro,Macro Cell,118 High Street,Sheffield,South Yorkshire,SH4 3QQ,53.316178,-1.455907,urban,5G,Huawei,26,2.68,3,Microwave,Grid,Active,2019-07-08,2025-01-13
159,SHE-ROO-0159,Sheffield Rooftop Site 13,Rooftop,Rooftop Site,171 Station Road,Sheffield,South Yorkshire,SH2 7WK,53.495744,-1.52954,urban,4G/5G,Huawei,26,0.59,3,Fiber,Grid + Battery,Active,2021-10-22,2025-01-30
160,SHE-MAC-0160,Sheffield Macro Cell 14,Macro,Macro Cell,88 Main Road,Sheffield,South Yorkshire,SH14 3RC,53.259655,-1.556074,urban,5G,Nokia,39,2.28,3,Microwave,Grid,Active,2019-02-08,2025-11-09
161,SHE-MAC-0161,Sheffield Macro Cell 15,Macro,Macro Cell,145 High Street,Sheffield,South Yorkshire,SH20 3QM,53.341369,-1.530323,urban,5G,Huawei,45,2.81,3,Fiber,Grid + Battery,Active,2020-08-08,2025-02-19
162,SHE-SMA-0162,Sheffield Small Cell 16,Small,Small Cell,81 Station Road,Sheffield,South Yorkshire,SH8 5WC,53.489089,-1.594094,urban,5G,Huawei,11,0.38,1,Microwave,Grid + Generator,Degraded,2022-12-10,2025-02-27
163,BRI-SMA-0163,Bristol Small Cell 1,Small,Small Cell,49 Queen Street,Bristol,Avon,BR10 1HR,51.389976,-2.455516,urban,5G,Huawei,8,0.46,2,Fiber,Grid,Active,2024-10-21,2025-04-20
164,BRI-SMA-0164,Bristol Small Cell 2,Small,Small Cell,175 Station Road,Bristol,Avon,BR16 2AU,51.325804,-2.471283,urban,5G,Nokia,11,0.29,1,Fiber,Grid,Active,2023-09-20,2025-09-12
165,BRI-MAC-0165,Bristol Macro Cell 3,Macro,Macro Cell,22 Market Street,Bristol,Avon,BR18 3JC,51.322641,-2.501113,urban,5G,Nokia,38,2.25,3,Fiber,Grid + Generator,Active,2023-10-01,2025-09-18
166,BRI-ROO-0166,Bristol Rooftop Site 4,Rooftop,Rooftop Site,187 Church Lane,Bristol,Avon,BR2 4CP,51.351113,-2.639875,urban,5G,Huawei,17,1.15,1,Microwave,Grid + Generator,Active,2022-06-24,2025-02-23
167,BRI-MAC-0167,Bristol Macro Cell 5,Macro,Macro Cell,89 Market Street,Bristol,Avon,BR17 5FM,51.504324,-2.540484,urban,5G,Ericsson,25,1.71,3,Fiber,Grid,Active,2020-11-02,2025-12-16
168,BRI-MAC-0168,Bristol Macro Cell 6,Macro,Macro Cell,15 King Street,Bristol,Avon,BR19 3MF,51.433297,-2.580744,urban,5G,Samsung,40,2.44,3,Fiber,Grid + Generator,Active,2024-02-08,2025-01-20
169,BRI-SMA-0169,Bristol Small Cell 7,Small,Small Cell,39 Station Road,Bristol,Avon,BR2 9YZ,51.373021,-2.585253,urban,5G,Huawei,12,0.27,3,Microwave,Grid,Active,2023-01-30,2025-07-20
170,BRI-MAC-0170,Bristol Macro Cell 8,Macro,Macro Cell,133 High Street,Bristol,Avon,BR13 2QK,51.579256,-2.641919,urban,4G/5G,Nokia,26,1.68,3,Fiber,Grid,Active,2021-01-04,2025-03-23
171,BRI-SMA-0171,Bristol Small Cell 9,Small,Small Cell,199 Church Lane,Bristol,Avon,BR18 4EA,51.415176,-2.650421,urban,4G/5G,Huawei,10,0.27,2,Fiber,Grid,Offline,2024-07-13,2025-03-29
172,BRI-MAC-0172,Bristol Macro Cell 10,Macro,Macro Cell,61 Queen Street,Bristol,Avon,BR16 1EY,51.556372,-2.47474,urban,4G,Ericsson,34,2.49,3,Fiber,Grid,Active,2016-03-01,2025-09-04
173,BRI-DAS-0173,Bristol Distributed Antenna System 11,DAS,Distributed Antenna System,101 Main Road,Bristol,Avon,BR19 1PX,51.460428,-2.527646,urban,5G,Samsung,4,0.12,1,Fiber,Grid,Active,2024-09-01,2025-08-20
174,BRI-DAS-0174,Bristol Distributed Antenna System 12,DAS,Distributed Antenna System,35 Mill Lane,Bristol,Avon,BR4 3DF,51.582313,-2.620014,urban,4G/5G,Ericsson,6,0.19,2,Microwave,Grid,Maintenance,2019-11-02,2025-06-06
175,GLA-MAC-0175,Glasgow Macro Cell 1,Macro,Macro Cell,78 Mill Lane,Glasgow,Scotland,GL2 4LE,55.821686,-4.170699,urban,5G,Nokia,27,2.78,3,Fiber,Grid,Active,2020-10-07,2025-06-12
176,GLA-SMA-0176,Glasgow Small Cell 2,Small,Small Cell,64 Main Road,Glasgow,Scotland,GL15 2ED,55.917355,-4.32375,urban,4G,Ericsson,12,0.32,1,Fiber,Grid,Active,2021-03-27,2025-10-26
177,GLA-MAC-0177,Glasgow Macro Cell 3,Macro,Macro Cell,51 King Street,Glasgow,Scotland,GL5 2LD,55.834375,-4.195914,urban,4G/5G,Ericsson,27,2.38,3,Microwave,Grid,Offline,2019-03-31,2025-10-06
178,GLA-ROO-0178,Glasgow Rooftop Site 4,Rooftop,Rooftop Site,71 Park Avenue,Glasgow,Scotland,GL15 3BV,55.844147,-4.184471,urban,5G,Nokia,26,0.93,3,Microwave,Grid,Active,2021-05-29,2025-02-03
179,GLA-MAC-0179,Glasgow Macro Cell 5,Macro,Macro Cell,140 High Street,Glasgow,Scotland,GL13 6RT,55.837798,-4.236593,urban,5G,Ericsson,31,1.71,6,Fiber,Grid + Generator,Active,2024-11-23,2025-04-18
180,GLA-MAC-0180,Glasgow Macro Cell 6,Macro,Macro Cell,121 Market Street,Glasgow,Scotland,GL12 4FD,55.795331,-4.393981,urban,5G,Ericsson,33,2.72,3,Fiber,Grid,Active,2019-08-28,2025-04-02
181,GLA-DAS-0181,Glasgow Distributed Antenna System 7,DAS,Distributed Antenna System,45 Station Road,Glasgow,Scotland,GL8 6ZY,55.989378,-4.385027,urban,4G,Ericsson,9,0.27,2,Microwave,Grid,Maintenance,2018-12-24,2025-01-05
182,GLA-SMA-0182,Glasgow Small Cell 8,Small,Small Cell,10 Main Road,Glasgow,Scotland,GL2 4VH,55.998468,-4.232718,urban,5G,Ericsson,12,0.5,1,Microwave,Grid + Battery,Active,2022-06-19,2025-12-31
183,GLA-MAC-0183,Glasgow Macro Cell 9,Macro,Macro Cell,151 Station Road,Glasgow,Scotland,GL4 9MC,55.89844,-4.159866,urban,5G,Ericsson,35,2.7,3,Microwave,Grid + Generator,Active,2019-09-01,2025-11-10
184,GLA-MAC-0184,Glasgow Macro Cell 10,Macro,Macro Cell,144 Mill Lane,Glasgow,Scotland,GL12 4XU,55.810981,-4.109042,urban,4G/5G,Nokia,40,2.46,3,Microwave,Grid,Active,2022-07-23,2025-01-13
185,GLA-MAC-0185,Glasgow Macro Cell 11,Macro,Macro Cell,82 Mill Lane,Glasgow,Scotland,GL8 2RE,55.767512,-4.401261,urban,4G/5G,Nokia,43,2.78,3,Fiber,Grid,Active,2019-05-13,2025-07-07
186,GLA-ROO-0186,Glasgow Rooftop Site 12,Rooftop,Rooftop Site,54 Church Lane,Glasgow,Scotland,GL3 6JD,55.764566,-4.136204,urban,5G,Huawei,25,1.14,3,Fiber,Grid,Active,2024-01-04,2025-06-17
187,GLA-SMA-0187,Glasgow Small Cell 13,Small,Small Cell,148 Church Lane,Glasgow,Scotland,GL6 8CB,55.840096,-4.351898,urban,5G,Huawei,11,0.31,2,Fiber,Grid,Active,2020-02-20,2025-08-20
188,GLA-ROO-0188,Glasgow Rooftop Site 14,Rooftop,Rooftop Site,158 King Street,Glasgow,Scotland,GL1 7WF,55.73646,-4.350768,urban,5G,Huawei,17,1.05,3,Microwave,Grid,Active,2022-10-16,2025-12-04
189,GLA-MAC-0189,Glasgow Macro Cell 15,Macro,Macro Cell,25 High Street,Glasgow,Scotland,GL13 9RE,55.775865,-4.344805,urban,5G,Huawei,33,2.59,3,Fiber,Grid,Active,2022-02-27,2025-05-27
190,GLA-MAC-0190,Glasgow Macro Cell 16,Macro,Macro Cell,122 Main Road,Glasgow,Scotland,GL10 7RR,55.961369,-4.214273,urban,5G,Ericsson,45,1.81,3,Fiber,Grid + Generator,Degraded,2022-04-10,2025-06-16
191,EDI-MAC-0191,Edinburgh Macro Cell 1,Macro,Macro Cell,39 Main Road,Edinburgh,Scotland,ED3 6TP,56.068948,-3.22748,urban,5G,Ericsson,32,2.2,3,Microwave,Grid,Active,2022-01-05,2025-06-16
192,EDI-DAS-0192,Edinburgh Distributed Antenna System 2,DAS,Distributed Antenna System,183 High Street,Edinburgh,Scotland,ED17 9UX,55.92889,-3.177646,urban,4G/5G,Nokia,10,0.28,3,Fiber,Grid,Active,2022-05-09,2025-05-16
193,EDI-MAC-0193,Edinburgh Macro Cell 3,Macro,Macro Cell,161 Station Road,Edinburgh,Scotland,ED20 5LZ,56.09861,-3.046651,urban,4G/5G,Ericsson,38,2.14,3,Fiber,Grid + Battery,Offline,2021-04-07,2025-03-22
194,EDI-SMA-0194,Edinburgh Small Cell 4,Small,Small Cell,29 Queen Street,Edinburgh,Scotland,ED5 3UU,55.901138,-3.25544,urban,5G,Huawei,14,0.44,3,Fiber,Grid,Active,2024-11-10,2025-03-18
195,EDI-DAS-0195,Edinburgh Distributed Antenna System 5,DAS,Distributed Antenna System,71 Queen Street,Edinburgh,Scotland,ED5 7BN,56.039024,-3.078057,urban,4G/5G,Huawei,10,0.15,2,Fiber,Grid,Active,2024-04-21,2025-05-02
196,EDI-ROO-0196,Edinburgh Rooftop Site 6,Rooftop,Rooftop Site,59 Station Road,Edinburgh,Scotland,ED10 8LJ,56.072409,-3.33223,urban,4G/5G,Ericsson,30,0.78,3,Microwave,Grid + Generator,Degraded,2020-02-07,2025-02-04
197,EDI-MAC-0197,Edinburgh Macro Cell 7,Macro,Macro Cell,41 Main Road,Edinburgh,Scotland,ED10 9NE,55.935815,-3.06427,urban,5G,Nokia,36,2.27,3,Fiber,Grid,Active,2019-08-19,2025-09-20
198,EDI-DAS-0198,Edinburgh Distributed Antenna System 8,DAS,Distributed Antenna System,32 High Street,Edinburgh,Scotland,ED8 6RV,55.878147,-3.201365,urban,4G/5G,Huawei,10,0.15,2,Fiber,Grid + Battery,Active,2024-08-30,2025-03-06
199,EDI-SMA-0199,Edinburgh Small Cell 9,Small,Small Cell,147 Church Lane,Edinburgh,Scotland,ED8 4XG,55.906575,-3.087004,urban,5G,Huawei,5,0.23,2,Microwave,Grid + Generator,Active,2023-05-03,2025-12-21
200,EDI-DAS-0200,Edinburgh Distributed Antenna System 10,DAS,Distributed Antenna System,79 Park Avenue,Edinburgh,Scotland,ED14 7MQ,56.093442,-3.13364,urban,5G,Ericsson,3,0.13,2,Fiber,Grid + Battery,Active,2021-07-05,2025-07-30
201,EDI-SMA-0201,Edinburgh Small Cell 11,Small,Small Cell,28 King Street,Edinburgh,Scotland,ED3 6JW,56.050593,-3.219154,urban,5G,Nokia,10,0.4,2,Fiber,Grid,Active,2022-03-03,2025-01-30
202,EDI-SMA-0202,Edinburgh Small Cell 12,Small,Small Cell,175 Station Road,Edinburgh,Scotland,ED1 8KJ,56.071012,-3.248663,urban,5G,Huawei,14,0.47,2,Microwave,Grid + Battery,Active,2023-07-14,2025-12-13
203,CAR-SMA-0203,Cardiff Small Cell 1,Small,Small Cell,172 London Road,Cardiff,Wales,CA17 5FX,51.630026,-3.084296,urban,5G,Huawei,15,0.41,3,Fiber,Grid,Active,2024-05-02,2025-11-12
204,CAR-SMA-0204,Cardiff Small Cell 2,Small,Small Cell,58 Park Avenue,Cardiff,Wales,CA14 6MJ,51.553876,-3.111544,urban,5G,Samsung,10,0.48,3,Fiber,Grid + Battery,Active,2020-01-01,2025-11-01
205,CAR-SMA-0205,Cardiff Small Cell 3,Small,Small Cell,98 Market Street,Cardiff,Wales,CA10 7BE,51.591518,-3.154028,urban,4G/5G,Ericsson,13,0.47,1,Fiber,Grid,Active,2020-05-05,2025-06-05
206,CAR-ROO-0206,Cardiff Rooftop Site 4,Rooftop,Rooftop Site,46 London Road,Cardiff,Wales,CA2 1QJ,51.599454,-3.033105,urban,5G,Huawei,17,0.68,1,Fiber,Grid + Generator,Active,2024-06-20,2025-10-11
207,CAR-SMA-0207,Cardiff Small Cell 5,Small,Small Cell,137 Church Lane,Cardiff,Wales,CA12 1LS,51.560671,-3.302688,urban,5G,Nokia,12,0.32,1,Fiber,Grid,Active,2023-04-20,2025-02-14
208,CAR-SMA-0208,Cardiff Small Cell 6,Small,Small Cell,12 Park Avenue,Cardiff,Wales,CA10 8ZS,51.39948,-3.066004,urban,5G,Ericsson,9,0.35,3,Microwave,Grid,Active,2020-11-15,2025-05-23
209,CAR-DAS-0209,Cardiff Distributed Antenna System 7,DAS,Distributed Antenna System,187 Station Road,Cardiff,Wales,CA7 1US,51.630242,-3.22628,urban,4G/5G,Nokia,9,0.14,1,Fiber,Grid,Active,2019-03-20,2025-01-01
210,CAR-SMA-0210,Cardiff Small Cell 8,Small,Small Cell,6 High Street,Cardiff,Wales,CA4 7QN,51.342809,-3.066137,urban,5G,Nokia,5,0.21,1,Microwave,Grid,Active,2020-03-18,2025-05-03
211,CAR-SMA-0211,Cardiff Small Cell 9,Small,Small Cell,180 Station Road,Cardiff,Wales,CA14 2SZ,51.393248,-3.123378,urban,5G,Nokia,13,0.23,3,Fiber,Grid,Active,2022-01-10,2025-11-03
212,CAR-DAS-0212,Cardiff Distributed Antenna System 10,DAS,Distributed Antenna System,11 Market Street,Cardiff,Wales,CA16 4YR,51.480922,-3.146399,urban,4G/5G,Huawei,8,0.29,2,Fiber,Grid,Active,2023-08-06,2025-12-25
213,CAR-SMA-0213,Cardiff Small Cell 11,Small,Small Cell,26 Park Avenue,Cardiff,Wales,CA8 8KJ,51.603664,-3.07853,urban,5G,Ericsson,13,0.23,2,Fiber,Grid,Active,2019-11-04,2025-10-03
214,CAR-DAS-0214,Cardiff Distributed Antenna System 12,DAS,Distributed Antenna System,170 Station Road,Cardiff,Wales,CA11 6QV,51.587275,-3.221036,urban,5G,Nokia,3,0.12,2,Fiber,Grid,Active,2019-02-09,2025-07-09
215,BEL-MAC-0215,Belfast Macro Cell 1,Macro,Macro Cell,179 High Street,Belfast,Northern Ireland,BE6 2PU,54.567533,-5.791407,urban,5G,Nokia,38,2.78,6,Microwave,Grid + Battery,Active,2020-11-14,2025-09-30
216,BEL-SMA-0216,Belfast Small Cell 2,Small,Small Cell,29 Queen Street,Belfast,Northern Ireland,BE15 1CJ,54.681049,-5.896692,urban,4G/5G,Huawei,7,0.42,3,Fiber,Grid,Maintenance,2024-06-01,2025-01-05
217,BEL-DAS-0217,Belfast Distributed Antenna System 3,DAS,Distributed Antenna System,180 Mill Lane,Belfast,Northern Ireland,BE4 7XZ,54.604745,-5.857013,urban,4G/5G,Ericsson,8,0.29,1,Microwave,Grid,Active,2024-10-27,2025-01-26
218,BEL-SMA-0218,Belfast Small Cell 4,Small,Small Cell,121 King Street,Belfast,Northern Ireland,BE6 2RL,54.562763,-5.82839,urban,5G,Samsung,15,0.22,1,Fiber,Grid,Active,2020-10-04,2025-12-06
219,BEL-SMA-0219,Belfast Small Cell 5,Small,Small Cell,128 King Street,Belfast,Northern Ireland,BE11 2RZ,54.612449,-5.966509,urban,4G/5G,Ericsson,14,0.33,3,Fiber,Grid,Active,2024-01-10,2025-06-08
220,BEL-SMA-0220,Belfast Small Cell 6,Small,Small Cell,168 King Street,Belfast,Northern Ireland,BE11 6BH,54.614439,-6.080049,urban,5G,Nokia,9,0.39,2,Fiber,Grid + Generator,Active,2024-09-13,2025-02-17
221,BEL-SMA-0221,Belfast Small Cell 7,Small,Small Cell,163 Park Avenue,Belfast,Northern Ireland,BE18 9MY,54.662297,-5.971112,urban,5G,Ericsson,5,0.4,1,Fiber,Grid,Active,2022-10-30,2025-04-23
222,BEL-MAC-0222,Belfast Macro Cell 8,Macro,Macro Cell,49 London Road,Belfast,Northern Ireland,BE4 7BW,54.662357,-5.863632,urban,5G,Nokia,37,1.78,3,Microwave,Grid + Battery,Active,2021-06-02,2025-01-28
223,BEL-SMA-0223,Belfast Small Cell 9,Small,Small Cell,200 Station Road,Belfast,Northern Ireland,BE19 3ZE,54.598559,-5.790944,urban,5G,Huawei,11,0.37,1,Microwave,Grid + Generator,Maintenance,2024-06-01,2025-02-24
224,BEL-DAS-0224,Belfast Distributed Antenna System 10,DAS,Distributed Antenna System,76 King Street,Belfast,Northern Ireland,BE5 3PV,54.598533,-5.964701,urban,4G,Samsung,7,0.25,3,Microwave,Grid,Degraded,2019-06-18,2025-01-06
225,BEL-SMA-0225,Belfast Small Cell 11,Small,Small Cell,34 Station Road,Belfast,Northern Ireland,BE17 9YW,54.541473,-5.859054,urban,5G,Ericsson,9,0.26,2,Fiber,Grid,Maintenance,2022-11-15,2025-03-19
226,BEL-SMA-0226,Belfast Small Cell 12,Small,Small Cell,134 Main Road,Belfast,Northern Ireland,BE1 7EB,54.618491,-5.879953,urban,5G,Huawei,9,0.45,3,Fiber,Grid,Active,2023-09-27,2025-08-17
227,NEW-DAS-0227,Newcastle Distributed Antenna System 1,DAS,Distributed Antenna System,9 London Road,Newcastle,Tyne and Wear,NE15 2VX,54.876581,-1.681815,urban,5G,Huawei,7,0.24,3,Microwave,Grid,Active,2021-04-15,2025-02-03
228,NEW-SMA-0228,Newcastle Small Cell 2,Small,Small Cell,176 London Road,Newcastle,Tyne and Wear,NE18 1AZ,54.899579,-1.532508,urban,4G/5G,Ericsson,11,0.4,2,Fiber,Grid + Generator,Active,2023-05-07,2025-05-19
229,NEW-DAS-0229,Newcastle Distributed Antenna System 3,DAS,Distributed Antenna System,46 Main Road,Newcastle,Tyne and Wear,NE6 3ZS,55.101746,-1.556411,urban,5G,Huawei,6,0.21,1,Microwave,Grid,Active,2021-03-03,2025-05-26
230,NEW-MAC-0230,Newcastle Macro Cell 4,Macro,Macro Cell,83 Mill Lane,Newcastle,Tyne and Wear,NE2 5RU,54.907572,-1.719521,urban,4G/5G,Ericsson,29,2.2,3,Fiber,Grid,Active,2019-06-13,2025-04-06
231,NEW-MAC-0231,Newcastle Macro Cell 5,Macro,Macro Cell,55 London Road,Newcastle,Tyne and Wear,NE11 6KG,54.883461,-1.747347,urban,5G,Nokia,27,2.31,6,Microwave,Grid,Active,2022-12-02,2025-11-03
232,NEW-SMA-0232,Newcastle Small Cell 6,Small,Small Cell,30 Queen Street,Newcastle,Tyne and Wear,NE9 9ZK,54.962,-1.496451,urban,5G,Nokia,15,0.49,1,Microwave,Grid,Active,2022-08-07,2025-04-12
233,NEW-DAS-0233,Newcastle Distributed Antenna System 7,DAS,Distributed Antenna System,198 Market Street,Newcastle,Tyne and Wear,NE18 1WC,54.961967,-1.754645,urban,4G/5G,Ericsson,4,0.2,1,Fiber,Grid + Battery,Degraded,2020-11-16,2025-11-08
234,NEW-MAC-0234,Newcastle Macro Cell 8,Macro,Macro Cell,184 London Road,Newcastle,Tyne and Wear,NE2 2CB,55.076925,-1.504209,urban,4G/5G,Nokia,27,2.73,3,Fiber,Grid + Generator,Active,2020-09-21,2025-11-25
235,NEW-SMA-0235,Newcastle Small Cell 9,Small,Small Cell,137 High Street,Newcastle,Tyne and Wear,NE20 2ZU,54.896594,-1.690206,urban,5G,Nokia,5,0.33,1,Fiber,Grid,Active,2023-05-15,2025-04-18
236,NEW-MAC-0236,Newcastle Macro Cell 10,Macro,Macro Cell,137 Church Lane,Newcastle,Tyne and Wear,NE5 7TK,55.064368,-1.677395,urban,5G,Huawei,37,2.16,3,Fiber,Grid,Active,2019-05-07,2025-12-26
237,NEW-SMA-0237,Newcastle Small Cell 11,Small,Small Cell,190 London Road,Newcastle,Tyne and Wear,NE7 7WS,54.994821,-1.730829,urban,5G,Nokia,6,0.36,1,Fiber,Grid,Active,2022-06-02,2025-09-09
238,NEW-SMA-0238,Newcastle Small Cell 12,Small,Small Cell,19 Park Avenue,Newcastle,Tyne and Wear,NE3 5DG,54.904123,-1.733413,urban,5G,Nokia,13,0.22,3,Microwave,Grid + Battery,Active,2024-03-04,2025-07-15
239,NOT-SMA-0239,Nottingham Small Cell 1,Small,Small Cell,169 Park Avenue,Nottingham,Nottinghamshire,NO19 3UU,53.006189,-1.23774,urban,5G,Ericsson,12,0.26,2,Fiber,Grid + Battery,Active,2024-01-20,2025-10-06
240,NOT-MAC-0240,Nottingham Macro Cell 2,Macro,Macro Cell,119 King Street,Nottingham,Nottinghamshire,NO12 5RT,52.878653,-1.241642,urban,4G/5G,Nokia,29,2.76,3,Fiber,Grid + Generator,Active,2022-09-20,2025-11-20
241,NOT-DAS-0241,Nottingham Distributed Antenna System 3,DAS,Distributed Antenna System,130 High Street,Nottingham,Nottinghamshire,NO19 7UG,53.062414,-1.266099,urban,5G,Ericsson,4,0.28,1,Microwave,Grid,Active,2019-11-05,2025-03-28
242,NOT-DAS-0242,Nottingham Distributed Antenna System 4,DAS,Distributed Antenna System,131 Main Road,Nottingham,Nottinghamshire,NO13 6SA,52.966703,-1.111928,urban,5G,Nokia,7,0.28,3,Fiber,Grid + Generator,Active,2020-07-02,2025-01-15
243,NOT-MAC-0243,Nottingham Macro Cell 5,Macro,Macro Cell,11 Church Lane,Nottingham,Nottinghamshire,NO16 4CJ,52.959041,-1.174234,urban,5G,Samsung,29,2.49,3,Fiber,Grid,Maintenance,2024-06-03,2025-01-23
244,NOT-MAC-0244,Nottingham Macro Cell 6,Macro,Macro Cell,134 Park Avenue,Nottingham,Nottinghamshire,NO9 9UF,53.077118,-1.199725,urban,5G,Nokia,45,1.57,6,Microwave,Grid,Active,2022-08-20,2025-03-06
245,NOT-SMA-0245,Nottingham Small Cell 7,Small,Small Cell,124 Mill Lane,Nottingham,Nottinghamshire,NO1 9EQ,53.055441,-1.153101,urban,5G,Samsung,10,0.35,1,Fiber,Grid,Active,2022-11-14,2025-04-12
246,NOT-SMA-0246,Nottingham Small Cell 8,Small,Small Cell,185 Main Road,Nottingham,Nottinghamshire,NO16 8RG,52.868255,-1.252028,urban,5G,Huawei,8,0.24,3,Fiber,Grid + Battery,Active,2023-08-26,2025-12-20
247,NOT-MAC-0247,Nottingham Macro Cell 9,Macro,Macro Cell,47 Market Street,Nottingham,Nottinghamshire,NO13 1ZZ,52.843166,-1.130396,urban,5G,Nokia,29,2.84,3,Fiber,Grid,Active,2019-08-18,2025-05-16
248,NOT-SMA-0248,Nottingham Small Cell 10,Small,Small Cell,131 Park Avenue,Nottingham,Nottinghamshire,NO6 6QV,52.946224,-1.163599,urban,5G,Nokia,14,0.24,3,Fiber,Grid,Active,2021-01-14,2025-06-21
249,NOT-SMA-0249,Nottingham Small Cell 11,Small,Small Cell,158 Mill Lane,Nottingham,Nottinghamshire,NO2 9SD,52.837371,-1.247395,urban,4G/5G,Nokia,7,0.33,1,Microwave,Grid,Active,2020-01-30,2025-02-26
250,NOT-SMA-0250,Nottingham Small Cell 12,Small,Small Cell,124 Queen Street,Nottingham,Nottinghamshire,NO12 2PE,52.80516,-1.02678,urban,5G,Nokia,5,0.33,2,Microwave,Grid,Active,2024-12-10,2025-11-19
251,SOU-MAC-0251,Southampton Macro Cell 1,Macro,Macro Cell,2 Queen Street,Southampton,Hampshire,SO7 6PM,51.02273,-1.431806,suburban,5G,Huawei,43,2.68,3,Fiber,Grid + Battery,Active,2024-11-10,2025-02-01
252,SOU-SMA-0252,Southampton Small Cell 2,Small,Small Cell,143 King Street,Southampton,Hampshire,SO6 6TT,50.838091,-1.393569,suburban,4G/5G,Nokia,11,0.5,2,Fiber,Grid,Active,2021-04-14,2025-03-11
253,SOU-MAC-0253,Southampton Macro Cell 3,Macro,Macro Cell,42 Main Road,Southampton,Hampshire,SO7 9NL,50.971348,-1.333665,suburban,4G,Huawei,39,2.62,3,Fiber,Grid + Battery,Active,2023-10-13,2025-02-09
254,SOU-MAC-0254,Southampton Macro Cell 4,Macro,Macro Cell,10 Queen Street,Southampton,Hampshire,SO13 9KY,50.787027,-1.510801,suburban,4G,Nokia,32,1.6,3,Fiber,Grid + Battery,Active,2019-02-27,2025-05-21
255,SOU-MAC-0255,Southampton Macro Cell 5,Macro,Macro Cell,158 Station Road,Southampton,Hampshire,SO2 6HW,51.01487,-1.275172,suburban,4G/5G,Ericsson,41,2.68,3,Fiber,Grid,Active,2024-10-13,2025-08-12
256,SOU-SMA-0256,Southampton Small Cell 6,Small,Small Cell,186 Market Street,Southampton,Hampshire,SO19 6MJ,50.865638,-1.435857,suburban,4G/5G,Nokia,6,0.42,1,Microwave,Grid,Active,2020-01-05,2025-05-13
257,SOU-ROO-0257,Southampton Rooftop Site 7,Rooftop,Rooftop Site,132 Park Avenue,Southampton,Hampshire,SO18 5YQ,50.932172,-1.476068,suburban,4G/5G,Ericsson,24,0.57,2,Microwave,Grid + Battery,Maintenance,2022-10-24,2025-08-29
258,SOU-SMA-0258,Southampton Small Cell 8,Small,Small Cell,163 Church Lane,Southampton,Hampshire,SO8 6PM,51.048072,-1.416745,suburban,4G/5G,Nokia,6,0.21,3,Microwave,Grid,Active,2021-11-22,2025-01-07
259,SOU-DAS-0259,Southampton Distributed Antenna System 9,DAS,Distributed Antenna System,56 Mill Lane,Southampton,Hampshire,SO9 3ZX,50.834177,-1.526497,suburban,4G/5G,Huawei,5,0.12,1,Microwave,Grid,Active,2024-05-05,2025-09-02
260,LEI-SMA-0260,Leicester Small Cell 1,Small,Small Cell,21 King Street,Leicester,Leicestershire,LE20 1TB,52.748723,-1.227766,suburban,5G,Ericsson,7,0.39,2,Fiber,Grid + Generator,Active,2020-03-12,2025-07-23
261,LEI-MAC-0261,Leicester Macro Cell 2,Macro,Macro Cell,193 Mill Lane,Leicester,Leicestershire,LE5 1SP,52.782508,-1.0207,suburban,4G,Nokia,41,2.98,6,Microwave,Grid,Active,2018-02-21,2025-04-18
262,LEI-MAC-0262,Leicester Macro Cell 3,Macro,Macro Cell,54 Queen Street,Leicester,Leicestershire,LE19 2LM,52.74502,-1.057029,suburban,4G/5G,Ericsson,35,2.28,3,Fiber,Grid + Generator,Active,2019-02-04,2025-08-19
263,LEI-MAC-0263,Leicester Macro Cell 4,Macro,Macro Cell,72 King Street,Leicester,Leicestershire,LE6 3UX,52.628304,-1.105875,suburban,5G,Nokia,36,1.82,3,Fiber,Grid,Active,2023-02-04,2025-09-02
264,LEI-SMA-0264,Leicester Small Cell 5,Small,Small Cell,35 Market Street,Leicester,Leicestershire,LE18 6RK,52.743793,-1.230981,suburban,4G,Huawei,5,0.34,2,Microwave,Grid + Generator,Active,2016-12-24,2025-12-07
265,LEI-MAC-0265,Leicester Macro Cell 6,Macro,Macro Cell,93 London Road,Leicester,Leicestershire,LE18 9JM,52.694063,-1.271789,suburban,4G,Nokia,39,2.44,3,Microwave,Grid,Active,2023-05-08,2025-07-05
266,LEI-ROO-0266,Leicester Rooftop Site 7,Rooftop,Rooftop Site,131 King Street,Leicester,Leicestershire,LE15 2NV,52.775835,-1.230113,suburban,4G/5G,Nokia,24,0.67,2,Microwave,Grid,Active,2022-12-25,2025-10-07
267,LEI-SMA-0267,Leicester Small Cell 8,Small,Small Cell,81 London Road,Leicester,Leicestershire,LE10 5VW,52.76547,-1.163255,suburban,4G/5G,Nokia,6,0.47,2,Fiber,Grid + Battery,Active,2020-10-25,2025-06-29
268,LEI-SMA-0268,Leicester Small Cell 9,Small,Small Cell,180 Main Road,Leicester,Leicestershire,LE7 3ND,52.643181,-1.154713,suburban,5G,Huawei,8,0.24,1,Fiber,Grid + Battery,Maintenance,2021-10-27,2025-03-26
269,COV-MAC-0269,Coventry Macro Cell 1,Macro,Macro Cell,100 Park Avenue,Coventry,West Midlands,CO8 4ZK,52.48808,-1.512505,suburban,4G,Ericsson,27,2.43,6,Fiber,Grid,Maintenance,2022-05-06,2025-04-06
270,COV-DAS-0270,Coventry Distributed Antenna System 2,DAS,Distributed Antenna System,179 Market Street,Coventry,West Midlands,CO6 8WZ,52.265371,-1.470635,suburban,4G,Ericsson,7,0.2,3,Microwave,Grid + Battery,Active,2021-02-24,2025-04-07
271,COV-SMA-0271,Coventry Small Cell 3,Small,Small Cell,40 Park Avenue,Coventry,West Midlands,CO1 1SE,52.416935,-1.397023,suburban,4G/5G,Ericsson,9,0.23,2,Fiber,Grid + Battery,Active,2023-02-07,2025-04-02
272,COV-MAC-0272,Coventry Macro Cell 4,Macro,Macro Cell,141 London Road,Coventry,West Midlands,CO7 7TP,52.533427,-1.385613,suburban,4G/5G,Ericsson,34,2.15,6,Fiber,Grid,Active,2021-08-05,2025-02-04
273,COV-MAC-0273,Coventry Macro Cell 5,Macro,Macro Cell,191 Market Street,Coventry,West Midlands,CO9 7GC,52.370307,-1.590806,suburban,4G/5G,Ericsson,44,2.65,3,Fiber,Grid,Active,2022-01-18,2025-11-05
274,COV-SMA-0274,Coventry Small Cell 6,Small,Small Cell,27 Park Avenue,Coventry,West Midlands,CO9 3YQ,52.442119,-1.58806,suburban,4G/5G,Ericsson,5,0.21,3,Fiber,Grid,Active,2024-12-31,2025-11-15
275,COV-MAC-0275,Coventry Macro Cell 7,Macro,Macro Cell,193 Station Road,Coventry,West Midlands,CO2 5NC,52.404874,-1.567126,suburban,5G,Huawei,39,3.0,6,Fiber,Grid,Active,2019-05-10,2025-08-25
276,COV-DAS-0276,Coventry Distributed Antenna System 8,DAS,Distributed Antenna System,9 Church Lane,Coventry,West Midlands,CO15 2SX,52.505276,-1.633112,suburban,4G/5G,Ericsson,10,0.25,1,Microwave,Grid + Battery,Active,2021-10-09,2025-01-17
277,COV-RUR-0277,Coventry Rural Macro 9,Rural,Rural Macro,77 Church Lane,Coventry,West Midlands,CO12 1XG,52.537665,-1.622117,suburban,4G/5G,Huawei,33,10.5,3,Fiber,Grid + Battery,Active,2021-11-03,2025-07-18
278,REA-MAC-0278,Reading Macro Cell 1,Macro,Macro Cell,40 London Road,Reading,Berkshire,RE3 4FR,51.542617,-0.952691,suburban,5G,Ericsson,43,2.95,3,Microwave,Grid,Active,2024-04-30,2025-02-14
279,REA-MAC-0279,Reading Macro Cell 2,Macro,Macro Cell,113 Church Lane,Reading,Berkshire,RE1 7MZ,51.410955,-1.081924,suburban,4G/5G,Ericsson,35,2.23,3,Fiber,Grid,Active,2022-11-23,2025-04-27
280,REA-SMA-0280,Reading Small Cell 3,Small,Small Cell,154 Market Street,Reading,Berkshire,RE6 2SE,51.472007,-0.96528,suburban,4G/5G,Nokia,10,0.36,2,Fiber,Grid,Active,2024-04-02,2025-03-29
281,REA-MAC-0281,Reading Macro Cell 4,Macro,Macro Cell,17 Market Street,Reading,Berkshire,RE13 4SX,51.304516,-0.936692,suburban,5G,Ericsson,36,1.53,6,Microwave,Grid,Active,2021-09-05,2025-02-21
282,REA-MAC-0282,Reading Macro Cell 5,Macro,Macro Cell,52 Main Road,Reading,Berkshire,RE16 4DB,51.427241,-1.031493,suburban,5G,Huawei,29,1.57,6,Microwave,Grid + Generator,Active,2021-01-01,2025-02-15
283,REA-SMA-0283,Reading Small Cell 6,Small,Small Cell,21 King Street,Reading,Berkshire,RE2 6TZ,51.381082,-1.018194,suburban,4G/5G,Ericsson,8,0.48,2,Fiber,Grid,Maintenance,2024-07-05,2025-02-19
284,REA-MAC-0284,Reading Macro Cell 7,Macro,Macro Cell,137 Queen Street,Reading,Berkshire,RE7 4SX,51.316496,-1.106984,suburban,5G,Samsung,28,2.94,3,Microwave,Grid,Active,2020-02-19,2025-03-21
285,REA-SMA-0285,Reading Small Cell 8,Small,Small Cell,43 Station Road,Reading,Berkshire,RE18 7SL,51.428855,-1.096446,suburban,4G/5G,Nokia,15,0.34,3,Fiber,Grid + Generator,Active,2023-10-16,2025-02-27
286,REA-MAC-0286,Reading Macro Cell 9,Macro,Macro Cell,83 Mill Lane,Reading,Berkshire,RE8 9GN,51.409997,-1.033554,suburban,4G,Ericsson,45,2.06,3,Fiber,Grid + Battery,Active,2019-10-30,2025-05-16
287,CAM-RUR-0287,Cambridge Rural Macro 1,Rural,Rural Macro,57 Church Lane,Cambridge,Cambridgeshire,CA11 1YJ,52.055359,-0.017801,suburban,5G,Ericsson,58,6.35,3,Fiber,Grid,Active,2022-05-21,2025-05-10
288,CAM-MAC-0288,Cambridge Macro Cell 2,Macro,Macro Cell,56 Main Road,Cambridge,Cambridgeshire,CA11 8FR,52.096822,0.081925,suburban,4G/5G,Ericsson,27,2.72,3,Microwave,Grid,Active,2023-06-26,2025-12-12
289,CAM-SMA-0289,Cambridge Small Cell 3,Small,Small Cell,31 Church Lane,Cambridge,Cambridgeshire,CA20 1WW,52.228185,-0.004657,suburban,5G,Huawei,11,0.3,2,Fiber,Grid,Maintenance,2023-09-03,2025-04-07
290,CAM-MAC-0290,Cambridge Macro Cell 4,Macro,Macro Cell,148 Market Street,Cambridge,Cambridgeshire,CA3 4PK,52.217279,0.016674,suburban,4G/5G,Ericsson,37,1.58,6,Fiber,Grid,Active,2023-12-31,2025-07-12
291,CAM-MAC-0291,Cambridge Macro Cell 5,Macro,Macro Cell,51 King Street,Cambridge,Cambridgeshire,CA13 4TV,52.226732,-0.013407,suburban,5G,Ericsson,29,2.25,3,Fiber,Grid,Active,2020-07-06,2025-08-17
292,CAM-SMA-0292,Cambridge Small Cell 6,Small,Small Cell,153 High Street,Cambridge,Cambridgeshire,CA10 3MV,52.152323,0.249041,suburban,5G,Huawei,10,0.33,2,Microwave,Grid,Active,2021-02-19,2025-05-20
293,CAM-MAC-0293,Cambridge Macro Cell 7,Macro,Macro Cell,159 Station Road,Cambridge,Cambridgeshire,CA10 1LY,52.300752,0.031706,suburban,5G,Huawei,28,2.78,3,Fiber,Grid + Battery,Active,2019-08-12,2025-05-04
294,CAM-MAC-0294,Cambridge Macro Cell 8,Macro,Macro Cell,172 High Street,Cambridge,Cambridgeshire,CA13 9BJ,52.118003,0.133202,suburban,5G,Nokia,40,1.89,3,Fiber,Grid,Active,2020-08-01,2025-09-20
295,CAM-SMA-0295,Cambridge Small Cell 9,Small,Small Cell,5 Park Avenue,Cambridge,Cambridgeshire,CA13 4NS,52.240689,-0.012274,suburban,4G/5G,Ericsson,9,0.32,3,Fiber,Grid,Active,2023-01-15,2025-04-27
296,OXF-ROO-0296,Oxford Rooftop Site 1,Rooftop,Rooftop Site,136 Park Avenue,Oxford,Oxfordshire,OX11 8NZ,51.761468,-1.351775,suburban,4G/5G,Nokia,15,1.43,1,Fiber,Grid,Active,2019-06-12,2025-01-15
297,OXF-MAC-0297,Oxford Macro Cell 2,Macro,Macro Cell,8 Market Street,Oxford,Oxfordshire,OX9 4EL,51.789569,-1.336839,suburban,4G,Nokia,45,2.72,6,Fiber,Grid,Active,2017-11-21,2025-06-19
298,OXF-SMA-0298,Oxford Small Cell 3,Small,Small Cell,85 King Street,Oxford,Oxfordshire,OX18 3GW,51.805398,-1.14589,suburban,4G/5G,Nokia,11,0.37,1,Microwave,Grid + Generator,Active,2022-07-03,2025-01-15
299,OXF-DAS-0299,Oxford Distributed Antenna System 4,DAS,Distributed Antenna System,143 Market Street,Oxford,Oxfordshire,OX4 3LE,51.860776,-1.315,suburban,4G/5G,Nokia,5,0.13,3,Fiber,Grid,Active,2020-10-09,2025-06-03
300,OXF-RUR-0300,Oxford Rural Macro 5,Rural,Rural Macro,34 Station Road,Oxford,Oxfordshire,OX1 5VU,51.693004,-1.184017,suburban,4G,Nokia,34,12.38,3,Microwave,Grid,Active,2023-09-27,2025-09-04
301,OXF-SMA-0301,Oxford Small Cell 6,Small,Small Cell,100 King Street,Oxford,Oxfordshire,OX16 3FG,51.709778,-1.201258,suburban,4G/5G,Nokia,15,0.38,1,Fiber,Grid + Battery,Active,2023-03-12,2025-12-24
302,OXF-ROO-0302,Oxford Rooftop Site 7,Rooftop,Rooftop Site,126 London Road,Oxford,Oxfordshire,OX15 4PN,51.887059,-1.340934,suburban,4G/5G,Ericsson,20,0.7,1,Microwave,Grid + Battery,Active,2023-12-05,2025-07-24
303,OXF-MAC-0303,Oxford Macro Cell 8,Macro,Macro Cell,117 High Street,Oxford,Oxfordshire,OX8 9TN,51.883742,-1.23612,suburban,4G/5G,Nokia,26,2.56,3,Microwave,Grid + Battery,Active,2024-11-02,2025-04-11
304,OXF-SMA-0304,Oxford Small Cell 9,Small,Small Cell,76 Mill Lane,Oxford,Oxfordshire,OX2 9EQ,51.890778,-1.350745,suburban,4G/5G,Huawei,9,0.43,3,Microwave,Grid,Active,2024-03-04,2025-04-19
305,BRI-MAC-0305,Brighton Macro Cell 1,Macro,Macro Cell,152 Church Lane,Brighton,East Sussex,BR15 2JL,50.906119,-0.005847,suburban,4G/5G,Ericsson,39,2.12,3,Fiber,Grid,Active,2019-04-13,2025-11-03
306,BRI-SMA-0306,Brighton Small Cell 2,Small,Small Cell,98 High Street,Brighton,East Sussex,BR6 6UX,50.862722,-0.261608,suburban,4G/5G,Huawei,14,0.49,1,Fiber,Grid,Active,2020-10-16,2025-10-01
307,BRI-SMA-0307,Brighton Small Cell 3,Small,Small Cell,52 High Street,Brighton,East Sussex,BR20 5AQ,50.687893,-0.194781,suburban,4G/5G,Samsung,7,0.29,2,Microwave,Grid + Generator,Active,2020-04-26,2025-12-29
308,BRI-SMA-0308,Brighton Small Cell 4,Small,Small Cell,141 Park Avenue,Brighton,East Sussex,BR20 9GB,50.82054,-0.222138,suburban,4G/5G,Nokia,14,0.33,1,Fiber,Grid,Active,2019-01-27,2025-01-31
309,BRI-MAC-0309,Brighton Macro Cell 5,Macro,Macro Cell,46 Station Road,Brighton,East Sussex,BR10 9FQ,50.716112,-0.27747,suburban,4G/5G,Nokia,27,2.0,3,Fiber,Grid,Active,2019-07-20,2025-07-31
310,BRI-MAC-0310,Brighton Macro Cell 6,Macro,Macro Cell,71 London Road,Brighton,East Sussex,BR17 7SG,50.941759,-0.041121,suburban,4G/5G,Huawei,40,1.6,3,Microwave,Grid,Active,2020-07-05,2025-11-06
311,BRI-SMA-0311,Brighton Small Cell 7,Small,Small Cell,82 Park Avenue,Brighton,East Sussex,BR17 6EV,50.966305,-0.128516,suburban,5G,Huawei,9,0.38,3,Microwave,Grid + Generator,Active,2023-10-16,2025-02-11
312,BRI-MAC-0312,Brighton Macro Cell 8,Macro,Macro Cell,31 Church Lane,Brighton,East Sussex,BR20 7PB,50.914894,-0.022101,suburban,5G,Ericsson,28,1.79,3,Fiber,Grid + Generator,Active,2019-04-09,2025-02-08
313,BRI-MAC-0313,Brighton Macro Cell 9,Macro,Macro Cell,30 London Road,Brighton,East Sussex,BR11 7ZU,50.864685,-0.080195,suburban,5G,Ericsson,42,1.95,3,Fiber,Grid,Active,2022-08-19,2025-07-15
314,NEW-DAS-0314,Newport Distributed Antenna System 1,DAS,Distributed Antenna System,138 London Road,Newport,Wales,NE15 7ZB,51.710884,-3.003968,suburban,4G/5G,Ericsson,5,0.13,3,Fiber,Grid + Generator,Active,2024-03-01,2025-01-18
315,NEW-MAC-0315,Newport Macro Cell 2,Macro,Macro Cell,72 High Street,Newport,Wales,NE11 7WT,51.594966,-3.085221,suburban,4G/5G,Huawei,36,2.83,3,Microwave,Grid + Generator,Degraded,2019-09-29,2025-06-15
316,NEW-MAC-0316,Newport Macro Cell 3,Macro,Macro Cell,61 London Road,Newport,Wales,NE15 5GS,51.469253,-2.912997,suburban,5G,Huawei,33,2.56,3,Fiber,Grid,Active,2023-08-23,2025-06-23
317,NEW-SMA-0317,Newport Small Cell 4,Small,Small Cell,124 Market Street,Newport,Wales,NE10 6ED,51.667537,-2.873694,suburban,4G/5G,Ericsson,13,0.34,3,Fiber,Grid,Active,2020-09-23,2025-12-13
318,NEW-MAC-0318,Newport Macro Cell 5,Macro,Macro Cell,12 Main Road,Newport,Wales,NE17 5AU,51.648303,-2.990997,suburban,5G,Samsung,44,2.53,3,Fiber,Grid,Active,2019-12-23,2025-09-20
319,NEW-MAC-0319,Newport Macro Cell 6,Macro,Macro Cell,160 Market Street,Newport,Wales,NE17 2GT,51.517195,-3.051955,suburban,4G/5G,Ericsson,33,1.72,3,Microwave,Grid,Active,2020-04-13,2025-08-15
320,NEW-MAC-0320,Newport Macro Cell 7,Macro,Macro Cell,8 King Street,Newport,Wales,NE2 2NB,51.645506,-3.06272,suburban,5G,Ericsson,35,2.42,3,Microwave,Grid + Battery,Active,2023-12-23,2025-10-01
321,NEW-SMA-0321,Newport Small Cell 8,Small,Small Cell,172 Market Street,Newport,Wales,NE3 8UE,51.701583,-2.958859,suburban,4G/5G,Nokia,10,0.31,1,Microwave,Grid,Active,2021-03-22,2025-05-12
322,NEW-MAC-0322,Newport Macro Cell 9,Macro,Macro Cell,101 Station Road,Newport,Wales,NE11 6QR,51.627526,-2.917752,suburban,4G/5G,Samsung,44,1.72,3,Fiber,Grid + Battery,Active,2021-11-22,2025-11-04
323,PLY-MAC-0323,Plymouth Macro Cell 1,Macro,Macro Cell,28 London Road,Plymouth,Devon,PL18 2KT,50.363873,-4.24146,suburban,4G/5G,Nokia,28,1.69,6,Microwave,Grid + Generator,Active,2023-07-20,2025-06-03
324,PLY-MAC-0324,Plymouth Macro Cell 2,Macro,Macro Cell,112 Mill Lane,Plymouth,Devon,PL11 9YH,50.298607,-4.244994,suburban,4G/5G,Ericsson,43,1.81,3,Fiber,Grid + Generator,Active,2023-11-01,2025-04-26
325,PLY-MAC-0325,Plymouth Macro Cell 3,Macro,Macro Cell,176 Mill Lane,Plymouth,Devon,PL13 6RW,50.404323,-4.195087,suburban,5G,Nokia,37,1.96,3,Fiber,Grid,Active,2019-10-13,2025-10-21
326,PLY-ROO-0326,Plymouth Rooftop Site 4,Rooftop,Rooftop Site,115 Church Lane,Plymouth,Devon,PL7 6KU,50.496477,-4.10186,suburban,5G,Ericsson,24,0.65,3,Fiber,Grid + Battery,Active,2023-05-17,2025-07-08
327,PLY-RUR-0327,Plymouth Rural Macro 5,Rural,Rural Macro,14 High Street,Plymouth,Devon,PL18 6DK,50.400318,-4.109253,suburban,4G/5G,Huawei,31,13.53,3,Fiber,Grid + Battery,Active,2023-02-21,2025-01-06
328,PLY-SMA-0328,Plymouth Small Cell 6,Small,Small Cell,143 Queen Street,Plymouth,Devon,PL12 7EK,50.413064,-4.079168,suburban,4G/5G,Nokia,7,0.26,3,Fiber,Grid,Active,2024-04-29,2025-12-26
329,PLY-MAC-0329,Plymouth Macro Cell 7,Macro,Macro Cell,107 King Street,Plymouth,Devon,PL20 7VF,50.230212,-4.076298,suburban,4G/5G,Nokia,27,2.99,6,Microwave,Grid + Battery,Active,2020-07-16,2025-03-24
330,PLY-DAS-0330,Plymouth Distributed Antenna System 8,DAS,Distributed Antenna System,140 Mill Lane,Plymouth,Devon,PL12 1BU,50.340914,-4.224978,suburban,4G/5G,Ericsson,6,0.2,2,Fiber,Grid,Active,2024-08-17,2025-03-09
331,PLY-MAC-0331,Plymouth Macro Cell 9,Macro,Macro Cell,134 Mill Lane,Plymouth,Devon,PL3 4RW,50.432649,-4.250074,suburban,4G/5G,Samsung,33,2.98,3,Microwave,Grid + Generator,Active,2024-03-19,2025-07-25
332,YOR-SMA-0332,York Small Cell 1,Small,Small Cell,76 Park Avenue,York,North Yorkshire,YO6 1YV,54.080176,-1.07099,suburban,5G,Nokia,14,0.47,3,Fiber,Grid + Generator,Active,2022-09-19,2025-08-20
333,YOR-MAC-0333,York Macro Cell 2,Macro,Macro Cell,22 Station Road,York,North Yorkshire,YO17 2JJ,53.951048,-1.180776,suburban,5G,Samsung,44,2.71,3,Microwave,Grid,Active,2019-04-22,2025-08-13
334,YOR-ROO-0334,York Rooftop Site 3,Rooftop,Rooftop Site,67 Church Lane,York,North Yorkshire,YO16 3SB,53.813361,-1.198035,suburban,5G,Nokia,29,0.65,2,Fiber,Grid,Active,2023-02-23,2025-03-02
335,YOR-ROO-0335,York Rooftop Site 4,Rooftop,Rooftop Site,54 Mill Lane,York,North Yorkshire,YO12 1WJ,53.855345,-1.082716,suburban,4G,Huawei,29,0.74,1,Fiber,Grid,Active,2023-02-21,2025-05-08
336,YOR-MAC-0336,York Macro Cell 5,Macro,Macro Cell,136 Queen Street,York,North Yorkshire,YO1 5QN,53.89951,-1.007655,suburban,4G/5G,Nokia,37,2.07,3,Microwave,Grid,Active,2024-04-27,2025-11-12
337,YOR-ROO-0337,York Rooftop Site 6,Rooftop,Rooftop Site,26 Park Avenue,York,North Yorkshire,YO19 7QX,54.000327,-0.944645,suburban,4G/5G,Samsung,25,1.36,3,Fiber,Grid + Generator,Active,2022-01-12,2025-09-23
338,YOR-SMA-0338,York Small Cell 7,Small,Small Cell,135 Main Road,York,North Yorkshire,YO15 6HZ,54.012415,-0.933536,suburban,5G,Ericsson,6,0.2,2,Fiber,Grid,Active,2019-02-18,2025-12-14
339,YOR-MAC-0339,York Macro Cell 8,Macro,Macro Cell,31 Main Road,York,North Yorkshire,YO20 3NX,53.836682,-0.949948,suburban,4G/5G,Huawei,45,2.93,3,Fiber,Grid,Active,2020-05-13,2025-08-24
340,YOR-MAC-0340,York Macro Cell 9,Macro,Macro Cell,19 Park Avenue,York,North Yorkshire,YO2 7NL,54.007243,-1.208786,suburban,4G/5G,Samsung,35,2.65,3,Fiber,Grid,Active,2021-11-20,2025-10-01
341,ABE-MAC-0341,Aberdeen Macro Cell 1,Macro,Macro Cell,165 Main Road,Aberdeen,Scotland,AB15 5DB,57.147217,-1.965724,suburban,4G/5G,Ericsson,29,2.24,3,Fiber,Grid + Generator,Active,2023-11-02,2025-08-25
342,ABE-SMA-0342,Aberdeen Small Cell 2,Small,Small Cell,85 Queen Street,Aberdeen,Scotland,AB19 1SY,57.005329,-2.09499,suburban,4G/5G,Ericsson,11,0.21,2,Microwave,Grid + Battery,Active,2021-12-27,2025-06-08
343,ABE-DAS-0343,Aberdeen Distributed Antenna System 3,DAS,Distributed Antenna System,92 London Road,Aberdeen,Scotland,AB10 7BW,57.233981,-2.008685,suburban,4G/5G,Ericsson,10,0.29,3,Fiber,Grid,Active,2020-05-11,2025-04-02
344,ABE-ROO-0344,Aberdeen Rooftop Site 4,Rooftop,Rooftop Site,77 Queen Street,Aberdeen,Scotland,AB4 6RC,57.101719,-1.991946,suburban,4G/5G,Ericsson,16,0.7,3,Microwave,Grid,Active,2023-04-23,2025-10-21
345,ABE-MAC-0345,Aberdeen Macro Cell 5,Macro,Macro Cell,116 High Street,Aberdeen,Scotland,AB2 6BL,57.007309,-1.945385,suburban,5G,Nokia,45,2.69,3,Microwave,Grid,Active,2022-06-14,2025-09-14
346,ABE-DAS-0346,Aberdeen Distributed Antenna System 6,DAS,Distributed Antenna System,37 King Street,Aberdeen,Scotland,AB1 8VB,57.199895,-2.106789,suburban,4G/5G,Huawei,6,0.13,1,Fiber,Grid,Active,2019-10-23,2025-10-04
347,ABE-SMA-0347,Aberdeen Small Cell 7,Small,Small Cell,153 Mill Lane,Aberdeen,Scotland,AB8 2GP,57.271099,-1.998078,suburban,5G,Nokia,6,0.45,2,Microwave,Grid,Active,2020-03-11,2025-10-31
348,ABE-RUR-0348,Aberdeen Rural Macro 8,Rural,Rural Macro,31 Park Avenue,Aberdeen,Scotland,AB5 7FY,57.17249,-2.203101,suburban,4G,Huawei,48,12.64,3,Microwave,Grid,Active,2016-12-11,2025-05-21
349,ABE-MAC-0349,Aberdeen Macro Cell 9,Macro,Macro Cell,21 High Street,Aberdeen,Scotland,AB1 3CY,57.174296,-2.204289,suburban,4G/5G,Nokia,30,2.06,3,Microwave,Grid + Battery,Active,2019-03-06,2025-01-11
350,POR-MAC-0350,Portsmouth Macro Cell 1,Macro,Macro Cell,157 Main Road,Portsmouth,Hampshire,PO10 6PA,50.712726,-1.156715,suburban,4G/5G,Ericsson,26,1.76,3,Fiber,Grid,Active,2021-01-07,2025-04-04
351,POR-RUR-0351,Portsmouth Rural Macro 2,Rural,Rural Macro,14 Church Lane,Portsmouth,Hampshire,PO4 3XR,50.855476,-0.979181,suburban,4G,Nokia,50,9.64,6,Fiber,Grid,Active,2022-05-24,2025-01-22
352,POR-ROO-0352,Portsmouth Rooftop Site 3,Rooftop,Rooftop Site,14 Market Street,Portsmouth,Hampshire,PO6 3AR,50.686008,-1.128742,suburban,5G,Ericsson,29,1.12,3,Fiber,Grid,Active,2019-06-27,2025-09-02
353,POR-SMA-0353,Portsmouth Small Cell 4,Small,Small Cell,61 Queen Street,Portsmouth,Hampshire,PO7 7HC,50.847612,-1.140208,suburban,5G,Huawei,6,0.3,2,Microwave,Grid + Battery,Active,2022-08-28,2025-12-04
354,POR-ROO-0354,Portsmouth Rooftop Site 5,Rooftop,Rooftop Site,52 London Road,Portsmouth,Hampshire,PO5 1YU,50.713282,-0.959634,suburban,4G/5G,Nokia,21,0.64,1,Fiber,Grid,Degraded,2023-01-08,2025-11-05
355,POR-ROO-0355,Portsmouth Rooftop Site 6,Rooftop,Rooftop Site,134 King Street,Portsmouth,Hampshire,PO7 8QJ,50.807374,-1.18664,suburban,5G,Huawei,20,1.1,1,Microwave,Grid,Active,2021-07-29,2025-08-27
356,POR-MAC-0356,Portsmouth Macro Cell 7,Macro,Macro Cell,11 King Street,Portsmouth,Hampshire,PO17 1PS,50.84364,-0.970453,suburban,4G/5G,Ericsson,25,2.36,6,Microwave,Grid,Degraded,2023-09-08,2025-05-14
357,POR-MAC-0357,Portsmouth Macro Cell 8,Macro,Macro Cell,24 High Street,Portsmouth,Hampshire,PO16 5FY,50.694727,-1.012076,suburban,4G/5G,Nokia,36,1.83,6,Microwave,Grid + Generator,Active,2022-04-26,2025-12-19
358,POR-RUR-0358,Portsmouth Rural Macro 9,Rural,Rural Macro,1 Main Road,Portsmouth,Hampshire,PO13 6SB,50.808928,-1.196413,suburban,4G/5G,Ericsson,50,13.72,3,Microwave,Grid,Active,2024-03-16,2025-01-08
359,BLA-ROO-0359,Blackpool Rooftop Site 1,Rooftop,Rooftop Site,173 London Road,Blackpool,Lancashire,BL2 2NM,53.830231,-2.947356,suburban,4G/5G,Ericsson,16,1.38,2,Microwave,Grid,Maintenance,2024-10-09,2025-06-27
360,BLA-MAC-0360,Blackpool Macro Cell 2,Macro,Macro Cell,167 King Street,Blackpool,Lancashire,BL19 4ZH,53.861952,-2.974238,suburban,4G/5G,Huawei,35,1.71,3,Fiber,Grid,Active,2021-09-04,2025-04-18
361,BLA-SMA-0361,Blackpool Small Cell 3,Small,Small Cell,174 Market Street,Blackpool,Lancashire,BL10 8VM,53.750644,-3.166689,suburban,5G,Nokia,6,0.36,3,Fiber,Grid,Active,2024-04-09,2025-05-11
362,BLA-MAC-0362,Blackpool Macro Cell 4,Macro,Macro Cell,39 Church Lane,Blackpool,Lancashire,BL17 1KP,53.784705,-3.132056,suburban,4G,Ericsson,28,1.75,3,Microwave,Grid,Active,2022-10-26,2025-05-30
363,BLA-MAC-0363,Blackpool Macro Cell 5,Macro,Macro Cell,88 London Road,Blackpool,Lancashire,BL16 9TQ,53.860905,-3.098245,suburban,5G,Huawei,41,1.85,6,Fiber,Grid + Generator,Active,2022-10-07,2025-10-25
364,BLA-ROO-0364,Blackpool Rooftop Site 6,Rooftop,Rooftop Site,117 Station Road,Blackpool,Lancashire,BL20 3YT,53.759449,-2.94892,suburban,5G,Nokia,16,0.79,2,Fiber,Grid,Active,2020-08-30,2025-01-03
365,BLA-SMA-0365,Blackpool Small Cell 7,Small,Small Cell,48 Church Lane,Blackpool,Lancashire,BL18 1XL,53.867407,-3.139655,suburban,5G,Ericsson,7,0.29,2,Fiber,Grid,Active,2023-12-11,2025-05-16
366,BLA-SMA-0366,Blackpool Small Cell 8,Small,Small Cell,40 High Street,Blackpool,Lancashire,BL18 9LW,53.716279,-3.095232,suburban,4G,Nokia,7,0.35,3,Fiber,Grid + Battery,Maintenance,2020-02-20,2025-08-05
367,BLA-RUR-0367,Blackpool Rural Macro 9,Rural,Rural Macro,29 King Street,Blackpool,Lancashire,BL2 3XT,53.893748,-2.88748,suburban,4G/5G,Huawei,59,12.29,3,Fiber,Grid,Active,2023-12-16,2025-06-09
368,SWA-SMA-0368,Swansea Small Cell 1,Small,Small Cell,197 Park Avenue,Swansea,Wales,SW7 1CT,51.537509,-3.986382,suburban,5G,Nokia,13,0.26,2,Fiber,Grid + Generator,Active,2021-06-28,2025-06-13
369,SWA-MAC-0369,Swansea Macro Cell 2,Macro,Macro Cell,95 Queen Street,Swansea,Wales,SW12 1KM,51.566727,-3.912077,suburban,4G,Samsung,29,2.04,3,Fiber,Grid + Battery,Active,2023-01-11,2025-03-19
370,SWA-MAC-0370,Swansea Macro Cell 3,Macro,Macro Cell,36 Mill Lane,Swansea,Wales,SW20 2EG,51.689756,-3.960334,suburban,4G,Huawei,38,1.93,3,Microwave,Grid + Generator,Active,2023-03-04,2025-07-13
371,SWA-MAC-0371,Swansea Macro Cell 4,Macro,Macro Cell,182 Mill Lane,Swansea,Wales,SW5 4FN,51.759429,-3.866766,suburban,5G,Nokia,38,2.87,3,Microwave,Grid + Battery,Active,2020-12-17,2025-12-10
372,SWA-DAS-0372,Swansea Distributed Antenna System 5,DAS,Distributed Antenna System,164 King Street,Swansea,Wales,SW4 5PF,51.561998,-3.918038,suburban,4G/5G,Huawei,3,0.14,2,Fiber,Grid,Active,2020-09-22,2025-10-31
373,SWA-SMA-0373,Swansea Small Cell 6,Small,Small Cell,122 Main Road,Swansea,Wales,SW12 9ZU,51.619315,-3.802412,suburban,4G/5G,Nokia,11,0.34,1,Fiber,Grid,Active,2021-11-22,2025-03-09
374,SWA-MAC-0374,Swansea Macro Cell 7,Macro,Macro Cell,75 Market Street,Swansea,Wales,SW3 9GW,51.567304,-3.830105,suburban,5G,Ericsson,38,1.91,3,Fiber,Grid + Generator,Active,2022-12-29,2025-10-07
375,SWA-SMA-0375,Swansea Small Cell 8,Small,Small Cell,91 Station Road,Swansea,Wales,SW1 3SK,51.733133,-3.845553,suburban,4G/5G,Ericsson,10,0.41,2,Microwave,Grid + Battery,Active,2020-01-28,2025-07-10
376,SWA-ROO-0376,Swansea Rooftop Site 9,Rooftop,Rooftop Site,20 Main Road,Swansea,Wales,SW5 1RM,51.520309,-4.028237,suburban,4G/5G,Huawei,18,1.3,2,Fiber,Grid,Active,2023-09-06,2025-05-19
377,DUN-ROO-0377,Dundee Rooftop Site 1,Rooftop,Rooftop Site,178 Station Road,Dundee,Scotland,DU8 5EG,56.491295,-2.891623,suburban,5G,Huawei,18,0.53,1,Fiber,Grid + Battery,Active,2021-06-29,2025-01-12
378,DUN-SMA-0378,Dundee Small Cell 2,Small,Small Cell,121 Main Road,Dundee,Scotland,DU9 1CK,56.345517,-3.115058,suburban,4G/5G,Nokia,5,0.26,3,Fiber,Grid,Active,2024-10-04,2025-10-29
379,DUN-ROO-0379,Dundee Rooftop Site 3,Rooftop,Rooftop Site,129 Mill Lane,Dundee,Scotland,DU8 9UC,56.37362,-2.850348,suburban,5G,Nokia,23,0.59,1,Microwave,Grid,Active,2022-11-25,2025-04-05
380,DUN-MAC-0380,Dundee Macro Cell 4,Macro,Macro Cell,182 King Street,Dundee,Scotland,DU12 3QX,56.369464,-3.036143,suburban,4G,Nokia,28,2.96,3,Fiber,Grid,Maintenance,2017-05-26,2025-06-20
381,DUN-MAC-0381,Dundee Macro Cell 5,Macro,Macro Cell,93 Park Avenue,Dundee,Scotland,DU18 1CL,56.466275,-2.998427,suburban,4G/5G,Ericsson,41,2.2,6,Fiber,Grid + Battery,Active,2020-07-10,2025-08-08
382,DUN-MAC-0382,Dundee Macro Cell 6,Macro,Macro Cell,122 London Road,Dundee,Scotland,DU6 1XR,56.532852,-2.914586,suburban,4G,Ericsson,38,2.11,3,Microwave,Grid + Battery,Active,2017-02-12,2025-04-08
383,DUN-SMA-0383,Dundee Small Cell 7,Small,Small Cell,51 London Road,Dundee,Scotland,DU7 7DH,56.337502,-3.07769,suburban,4G/5G,Nokia,7,0.23,2,Microwave,Grid,Active,2019-09-23,2024-12-31
384,DUN-SMA-0384,Dundee Small Cell 8,Small,Small Cell,125 Market Street,Dundee,Scotland,DU9 3QD,56.490095,-2.893809,suburban,4G,Samsung,15,0.31,1,Fiber,Grid + Battery,Maintenance,2021-10-06,2025-04-21
385,DUN-MAC-0385,Dundee Macro Cell 9,Macro,Macro Cell,174 London Road,Dundee,Scotland,DU5 5VV,56.594721,-3.111783,suburban,4G/5G,Huawei,25,2.25,3,Fiber,Grid + Generator,Active,2021-01-03,2025-04-23
386,BRA-SMA-0386,Bradford Small Cell 1,Small,Small Cell,9 Queen Street,Bradford,West Yorkshire,BR4 7QL,53.70658,-1.710772,suburban,4G/5G,Ericsson,13,0.3,2,Microwave,Grid + Battery,Maintenance,2019-03-14,2025-12-13
387,BRA-MAC-0387,Bradford Macro Cell 2,Macro,Macro Cell,125 Main Road,Bradford,West Yorkshire,BR19 8XT,53.813,-1.651292,suburban,5G,Huawei,29,2.24,6,Microwave,Grid + Generator,Active,2022-07-03,2025-10-12
388,BRA-SMA-0388,Bradford Small Cell 3,Small,Small Cell,152 High Street,Bradford,West Yorkshire,BR5 6MZ,53.763415,-1.760993,suburban,4G,Nokia,9,0.31,3,Fiber,Grid,Active,2018-08-05,2025-06-20
389,BRA-MAC-0389,Bradford Macro Cell 4,Macro,Macro Cell,177 Main Road,Bradford,West Yorkshire,BR10 2LF,53.749543,-1.80219,suburban,5G,Huawei,45,1.87,3,Microwave,Grid,Active,2022-07-02,2025-12-12
390,BRA-MAC-0390,Bradford Macro Cell 5,Macro,Macro Cell,97 Mill Lane,Bradford,West Yorkshire,BR13 6UD,53.905011,-1.738985,suburban,4G,Ericsson,43,2.54,6,Fiber,Grid,Degraded,2015-04-02,2025-07-12
391,BRA-MAC-0391,Bradford Macro Cell 6,Macro,Macro Cell,20 Market Street,Bradford,West Yorkshire,BR7 5JB,53.889437,-1.709184,suburban,5G,Ericsson,31,2.95,3,Microwave,Grid + Battery,Active,2024-07-28,2025-09-07
392,BRA-SMA-0392,Bradford Small Cell 7,Small,Small Cell,54 London Road,Bradford,West Yorkshire,BR3 5SK,53.933382,-1.694088,suburban,4G/5G,Nokia,14,0.28,2,Microwave,Grid,Active,2024-12-15,2025-09-20
393,BRA-MAC-0393,Bradford Macro Cell 8,Macro,Macro Cell,148 King Street,Bradford,West Yorkshire,BR7 8JW,53.721379,-1.754789,suburban,4G/5G,Nokia,45,2.82,6,Microwave,Grid,Active,2024-10-15,2025-04-08
394,BRA-MAC-0394,Bradford Macro Cell 9,Macro,Macro Cell,17 Church Lane,Bradford,West Yorkshire,BR14 5KW,53.784746,-1.837288,suburban,4G/5G,Huawei,38,2.77,3,Fiber,Grid + Generator,Active,2022-07-29,2025-09-02
395,WOL-MAC-0395,Wolverhampton Macro Cell 1,Macro,Macro Cell,10 Church Lane,Wolverhampton,West Midlands,WO6 5EA,52.471068,-2.221225,suburban,5G,Huawei,42,2.2,3,Fiber,Grid + Generator,Active,2023-11-22,2025-10-02
396,WOL-SMA-0396,Wolverhampton Small Cell 2,Small,Small Cell,105 London Road,Wolverhampton,West Midlands,WO3 7ZE,52.44967,-2.062058,suburban,4G/5G,Ericsson,10,0.47,1,Fiber,Grid + Generator,Active,2022-05-05,2025-04-19
397,WOL-ROO-0397,Wolverhampton Rooftop Site 3,Rooftop,Rooftop Site,198 London Road,Wolverhampton,West Midlands,WO11 7ZZ,52.593587,-2.030106,suburban,4G,Samsung,17,0.75,1,Microwave,Grid,Active,2017-09-02,2025-10-19
398,WOL-MAC-0398,Wolverhampton Macro Cell 4,Macro,Macro Cell,29 London Road,Wolverhampton,West Midlands,WO18 7RX,52.501233,-2.196436,suburban,4G/5G,Huawei,42,1.58,3,Fiber,Grid,Active,2023-03-15,2025-06-29
399,WOL-MAC-0399,Wolverhampton Macro Cell 5,Macro,Macro Cell,99 Park Avenue,Wolverhampton,West Midlands,WO12 2TH,52.547322,-2.186349,suburban,4G/5G,Samsung,26,1.55,6,Microwave,Grid,Active,2021-09-08,2025-06-13
400,WOL-ROO-0400,Wolverhampton Rooftop Site 6,Rooftop,Rooftop Site,197 Queen Street,Wolverhampton,West Midlands,WO2 5CR,52.712378,-2.188534,suburban,4G,Huawei,20,0.8,2,Microwave,Grid,Active,2019-12-03,2025-05-29
401,WOL-ROO-0401,Wolverhampton Rooftop Site 7,Rooftop,Rooftop Site,196 High Street,Wolverhampton,West Midlands,WO6 8WE,52.683072,-2.03148,suburban,4G/5G,Nokia,25,0.85,1,Microwave,Grid,Active,2024-01-31,2025-02-13
402,WOL-MAC-0402,Wolverhampton Macro Cell 8,Macro,Macro Cell,176 Queen Street,Wolverhampton,West Midlands,WO11 8RZ,52.609743,-2.245552,suburban,5G,Huawei,45,2.65,3,Fiber,Grid,Active,2020-06-16,2025-01-14
403,WOL-SMA-0403,Wolverhampton Small Cell 9,Small,Small Cell,6 Market Street,Wolverhampton,West Midlands,WO20 4CQ,52.535274,-2.194261,suburban,5G,Nokia,11,0.32,1,Fiber,Grid,Active,2021-07-08,2025-12-06
404,EXE-MAC-0404,Exeter Macro Cell 1,Macro,Macro Cell,112 King Street,Exeter,Devon,EX16 2HY,50.697071,-3.605853,suburban,5G,Nokia,28,2.92,3,Fiber,Grid,Active,2019-02-27,2025-08-06
405,EXE-SMA-0405,Exeter Small Cell 2,Small,Small Cell,105 Station Road,Exeter,Devon,EX1 5JH,50.683022,-3.554507,suburban,5G,Ericsson,15,0.45,3,Microwave,Grid,Active,2021-02-14,2025-06-25
406,EXE-SMA-0406,Exeter Small Cell 3,Small,Small Cell,182 Queen Street,Exeter,Devon,EX20 5CD,50.762571,-3.658178,suburban,4G/5G,Huawei,11,0.49,3,Fiber,Grid,Active,2021-05-19,2025-07-14
407,EXE-ROO-0407,Exeter Rooftop Site 4,Rooftop,Rooftop Site,159 Queen Street,Exeter,Devon,EX10 7XM,50.70968,-3.577609,suburban,4G/5G,Huawei,16,1.3,1,Microwave,Grid,Active,2019-01-22,2025-03-09
408,EXE-MAC-0408,Exeter Macro Cell 5,Macro,Macro Cell,30 London Road,Exeter,Devon,EX2 3RJ,50.61936,-3.536048,suburban,5G,Nokia,41,1.63,3,Microwave,Grid,Active,2023-11-09,2025-08-19
409,EXE-SMA-0409,Exeter Small Cell 6,Small,Small Cell,169 King Street,Exeter,Devon,EX2 4EB,50.796869,-3.604773,suburban,5G,Huawei,12,0.29,1,Fiber,Grid,Active,2020-09-11,2025-05-05
410,EXE-MAC-0410,Exeter Macro Cell 7,Macro,Macro Cell,118 King Street,Exeter,Devon,EX4 3DM,50.780189,-3.552971,suburban,4G,Samsung,36,1.56,3,Fiber,Grid,Active,2022-12-14,2025-09-30
411,EXE-DAS-0411,Exeter Distributed Antenna System 8,DAS,Distributed Antenna System,47 Queen Street,Exeter,Devon,EX3 4RX,50.793381,-3.437128,suburban,4G/5G,Huawei,3,0.14,1,Fiber,Grid,Active,2024-11-24,2025-08-08
412,EXE-SMA-0412,Exeter Small Cell 9,Small,Small Cell,182 King Street,Exeter,Devon,EX15 5VX,50.772592,-3.565649,suburban,4G/5G,Samsung,7,0.45,1,Fiber,Grid,Active,2019-04-29,2025-01-30
413,CHE-SMA-0413,Chester Small Cell 1,Small,Small Cell,165 Park Avenue,Chester,Cheshire,CH11 1ZC,53.178931,-2.758874,suburban,4G,Samsung,7,0.44,3,Microwave,Grid + Battery,Active,2017-05-15,2025-11-14
414,CHE-MAC-0414,Chester Macro Cell 2,Macro,Macro Cell,73 Station Road,Chester,Cheshire,CH4 5RP,53.096403,-2.753585,suburban,4G,Ericsson,30,2.78,3,Microwave,Grid,Active,2019-05-11,2025-07-01
415,CHE-SMA-0415,Chester Small Cell 3,Small,Small Cell,109 London Road,Chester,Cheshire,CH20 3PW,53.292616,-2.889304,suburban,4G/5G,Huawei,14,0.34,2,Fiber,Grid,Active,2023-09-29,2025-04-13
416,CHE-MAC-0416,Chester Macro Cell 4,Macro,Macro Cell,120 Queen Street,Chester,Cheshire,CH3 8KE,53.182057,-2.975831,suburban,4G/5G,Ericsson,45,2.24,3,Fiber,Grid,Active,2024-11-19,2025-04-08
417,CHE-MAC-0417,Chester Macro Cell 5,Macro,Macro Cell,185 Mill Lane,Chester,Cheshire,CH9 6JU,53.213561,-2.877802,suburban,4G,Nokia,38,2.27,3,Microwave,Grid,Active,2016-01-23,2025-11-03
418,CHE-SMA-0418,Chester Small Cell 6,Small,Small Cell,117 King Street,Chester,Cheshire,CH20 5LF,53.181864,-2.807247,suburban,4G,Ericsson,9,0.32,1,Fiber,Grid,Active,2018-07-09,2025-02-25
419,CHE-MAC-0419,Chester Macro Cell 7,Macro,Macro Cell,104 Mill Lane,Chester,Cheshire,CH16 5VV,53.245023,-2.91296,suburban,5G,Nokia,45,1.52,3,Microwave,Grid,Active,2024-05-08,2025-11-17
420,CHE-MAC-0420,Chester Macro Cell 8,Macro,Macro Cell,167 Church Lane,Chester,Cheshire,CH14 9GC,53.047163,-3.009526,suburban,5G,Samsung,31,2.79,3,Microwave,Grid,Active,2024-05-24,2025-05-03
421,CHE-MAC-0421,Chester Macro Cell 9,Macro,Macro Cell,52 Park Avenue,Chester,Cheshire,CH19 7BL,53.077938,-2.772375,suburban,4G/5G,Nokia,25,2.23,3,Fiber,Grid + Battery,Active,2024-01-16,2025-06-02
422,BAT-DAS-0422,Bath Distributed Antenna System 1,DAS,Distributed Antenna System,157 King Street,Bath,Somerset,BA8 1SA,51.446223,-2.332948,suburban,4G/5G,Ericsson,10,0.2,2,Microwave,Grid,Active,2024-10-03,2025-03-23
423,BAT-MAC-0423,Bath Macro Cell 2,Macro,Macro Cell,6 Station Road,Bath,Somerset,BA10 4RM,51.492963,-2.386559,suburban,4G/5G,Nokia,36,2.91,6,Fiber,Grid + Generator,Active,2024-01-11,2025-09-10
424,BAT-SMA-0424,Bath Small Cell 3,Small,Small Cell,107 London Road,Bath,Somerset,BA16 3VG,51.430592,-2.235179,suburban,4G,Huawei,9,0.34,2,Fiber,Grid + Battery,Active,2023-02-09,2025-10-26
425,BAT-MAC-0425,Bath Macro Cell 4,Macro,Macro Cell,5 London Road,Bath,Somerset,BA9 6XF,51.271994,-2.364044,suburban,4G/5G,Samsung,32,2.24,3,Microwave,Grid,Active,2021-05-07,2025-11-29
426,BAT-MAC-0426,Bath Macro Cell 5,Macro,Macro Cell,143 Park Avenue,Bath,Somerset,BA5 9VX,51.259291,-2.443693,suburban,4G/5G,Nokia,36,2.99,3,Fiber,Grid + Battery,Active,2019-07-11,2025-05-11
427,BAT-RUR-0427,Bath Rural Macro 6,Rural,Rural Macro,43 Main Road,Bath,Somerset,BA7 6FZ,51.451829,-2.219302,suburban,4G/5G,Nokia,33,13.58,3,Microwave,Grid + Generator,Active,2019-06-21,2025-04-20
428,BAT-SMA-0428,Bath Small Cell 7,Small,Small Cell,2 Church Lane,Bath,Somerset,BA16 6KS,51.254888,-2.317572,suburban,5G,Ericsson,12,0.45,1,Fiber,Grid,Active,2023-08-30,2025-06-24
429,BAT-SMA-0429,Bath Small Cell 8,Small,Small Cell,106 Queen Street,Bath,Somerset,BA15 9XM,51.349603,-2.322868,suburban,5G,Huawei,8,0.36,1,Microwave,Grid,Active,2020-07-19,2025-12-26
430,BAT-SMA-0430,Bath Small Cell 9,Small,Small Cell,10 Station Road,Bath,Somerset,BA19 1WY,51.380305,-2.490826,suburban,5G,Nokia,11,0.43,3,Microwave,Grid,Active,2019-09-09,2025-05-31
431,GUI-MAC-0431,Guildford Macro Cell 1,Macro,Macro Cell,157 Station Road,Guildford,Surrey,GU13 8WG,51.290461,-0.554317,suburban,5G,Huawei,25,2.86,6,Fiber,Grid + Battery,Active,2022-02-19,2025-09-21
432,GUI-ROO-0432,Guildford Rooftop Site 2,Rooftop,Rooftop Site,142 Park Avenue,Guildford,Surrey,GU17 6WF,51.111484,-0.55917,suburban,5G,Huawei,24,1.38,1,Fiber,Grid + Generator,Active,2021-05-25,2025-03-03
433,GUI-MAC-0433,Guildford Macro Cell 3,Macro,Macro Cell,91 Main Road,Guildford,Surrey,GU2 2QK,51.335869,-0.629217,suburban,4G/5G,Nokia,36,2.6,3,Microwave,Grid,Active,2021-11-29,2025-09-02
434,GUI-DAS-0434,Guildford Distributed Antenna System 4,DAS,Distributed Antenna System,171 Mill Lane,Guildford,Surrey,GU5 7SZ,51.3829,-0.550721,suburban,4G,Nokia,6,0.21,1,Fiber,Grid,Active,2018-12-05,2025-04-11
435,GUI-SMA-0435,Guildford Small Cell 5,Small,Small Cell,34 King Street,Guildford,Surrey,GU7 8CM,51.333053,-0.61202,suburban,5G,Huawei,6,0.45,3,Microwave,Grid + Battery,Active,2020-01-13,2025-03-05
436,GUI-SMA-0436,Guildford Small Cell 6,Small,Small Cell,37 Market Street,Guildford,Surrey,GU5 8YQ,51.319847,-0.458796,suburban,4G/5G,Nokia,12,0.5,1,Microwave,Grid + Generator,Active,2023-09-04,2025-11-01
437,GUI-SMA-0437,Guildford Small Cell 7,Small,Small Cell,95 Mill Lane,Guildford,Surrey,GU10 1SE,51.22283,-0.710618,suburban,5G,Nokia,6,0.48,1,Fiber,Grid,Active,2023-08-01,2025-06-23
438,GUI-MAC-0438,Guildford Macro Cell 8,Macro,Macro Cell,190 King Street,Guildford,Surrey,GU1 2TM,51.231978,-0.483039,suburban,5G,Nokia,34,1.57,3,Fiber,Grid + Battery,Active,2022-03-07,2025-04-29
439,GUI-SMA-0439,Guildford Small Cell 9,Small,Small Cell,130 King Street,Guildford,Surrey,GU15 8EZ,51.255929,-0.450314,suburban,4G/5G,Nokia,14,0.42,2,Fiber,Grid + Generator,Active,2020-06-27,2025-01-25
440,PRE-SMA-0440,Preston Small Cell 1,Small,Small Cell,43 High Street,Preston,Lancashire,PR19 5TW,53.729371,-2.583027,suburban,5G,Ericsson,12,0.4,1,Microwave,Grid,Active,2022-02-10,2025-09-24
441,PRE-RUR-0441,Preston Rural Macro 2,Rural,Rural Macro,137 Station Road,Preston,Lancashire,PR1 5GH,53.77575,-2.625815,suburban,4G,Nokia,46,12.51,6,Fiber,Grid + Generator,Active,2015-03-18,2025-02-24
442,PRE-MAC-0442,Preston Macro Cell 3,Macro,Macro Cell,98 Park Avenue,Preston,Lancashire,PR3 2DT,53.789868,-2.705658,suburban,4G,Ericsson,25,1.77,3,Fiber,Grid,Active,2024-08-22,2025-09-29
443,PRE-MAC-0443,Preston Macro Cell 4,Macro,Macro Cell,15 Park Avenue,Preston,Lancashire,PR13 2LE,53.640089,-2.761062,suburban,4G/5G,Ericsson,35,2.42,6,Fiber,Grid,Active,2021-01-13,2025-06-22
444,PRE-ROO-0444,Preston Rooftop Site 5,Rooftop,Rooftop Site,82 King Street,Preston,Lancashire,PR18 7CR,53.88305,-2.837537,suburban,5G,Nokia,27,0.74,1,Microwave,Grid,Active,2020-04-16,2025-12-22
445,PRE-MAC-0445,Preston Macro Cell 6,Macro,Macro Cell,163 Market Street,Preston,Lancashire,PR7 3MT,53.902242,-2.650571,suburban,5G,Nokia,34,2.68,3,Fiber,Grid + Generator,Active,2023-07-25,2025-05-29
446,PRE-RUR-0446,Preston Rural Macro 7,Rural,Rural Macro,124 Park Avenue,Preston,Lancashire,PR20 5XN,53.779746,-2.840562,suburban,4G,Samsung,50,11.21,3,Fiber,Grid + Generator,Active,2016-11-16,2025-04-14
447,PRE-MAC-0447,Preston Macro Cell 8,Macro,Macro Cell,54 Mill Lane,Preston,Lancashire,PR17 6XL,53.661625,-2.692873,suburban,5G,Ericsson,29,2.55,3,Microwave,Grid,Active,2022-02-18,2025-08-28
448,PRE-SMA-0448,Preston Small Cell 9,Small,Small Cell,156 King Street,Preston,Lancashire,PR1 1XF,53.709691,-2.789913,suburban,4G,Ericsson,7,0.47,2,Microwave,Grid + Battery,Maintenance,2022-04-01,2025-06-13
449,MIL-SMA-0449,Milton Keynes Small Cell 1,Small,Small Cell,91 Queen Street,Milton Keynes,Buckinghamshire,MI20 6NF,52.126792,-0.714671,suburban,5G,Ericsson,15,0.45,3,Fiber,Grid,Active,2023-12-29,2025-05-09
450,MIL-MAC-0450,Milton Keynes Macro Cell 2,Macro,Macro Cell,158 Park Avenue,Milton Keynes,Buckinghamshire,MI8 4RM,51.948497,-0.906591,suburban,4G/5G,Huawei,36,2.52,3,Fiber,Grid + Battery,Active,2021-02-23,2025-01-05
451,MIL-SMA-0451,Milton Keynes Small Cell 3,Small,Small Cell,142 Church Lane,Milton Keynes,Buckinghamshire,MI19 3CU,51.953326,-0.850574,suburban,4G,Nokia,14,0.46,1,Fiber,Grid,Active,2020-08-11,2025-08-21
452,MIL-ROO-0452,Milton Keynes Rooftop Site 4,Rooftop,Rooftop Site,175 Market Street,Milton Keynes,Buckinghamshire,MI15 1PW,52.147244,-0.645099,suburban,4G/5G,Ericsson,15,1.35,3,Fiber,Grid,Active,2024-12-22,2025-05-24
453,MIL-DAS-0453,Milton Keynes Distributed Antenna System 5,DAS,Distributed Antenna System,108 Market Street,Milton Keynes,Buckinghamshire,MI15 6AN,52.012663,-0.872885,suburban,4G/5G,Nokia,3,0.2,1,Fiber,Grid,Active,2021-07-08,2025-03-14
454,MIL-DAS-0454,Milton Keynes Distributed Antenna System 6,DAS,Distributed Antenna System,17 Main Road,Milton Keynes,Buckinghamshire,MI1 8PA,52.187679,-0.841712,suburban,4G/5G,Samsung,6,0.28,3,Fiber,Grid,Active,2020-11-04,2025-08-27
455,MIL-MAC-0455,Milton Keynes Macro Cell 7,Macro,Macro Cell,161 King Street,Milton Keynes,Buckinghamshire,MI19 2CB,51.962108,-0.807159,suburban,5G,Ericsson,27,2.69,3,Microwave,Grid,Active,2023-12-02,2025-01-10
456,MIL-MAC-0456,Milton Keynes Macro Cell 8,Macro,Macro Cell,144 High Street,Milton Keynes,Buckinghamshire,MI10 7ND,51.928861,-0.633665,suburban,4G/5G,Ericsson,27,2.44,6,Fiber,Grid + Generator,Active,2020-02-22,2025-01-28
457,MIL-SMA-0457,Milton Keynes Small Cell 9,Small,Small Cell,85 Mill Lane,Milton Keynes,Buckinghamshire,MI7 2DA,52.026623,-0.770137,suburban,4G/5G,Nokia,15,0.23,3,Fiber,Grid + Generator,Active,2019-04-17,2025-09-23
458,DER-ROO-0458,Derby Rooftop Site 1,Rooftop,Rooftop Site,12 High Street,Derby,Derbyshire,DE5 5UP,52.810294,-1.471931,suburban,5G,Nokia,20,1.12,3,Fiber,Grid,Active,2021-09-22,2025-03-08
459,DER-ROO-0459,Derby Rooftop Site 2,Rooftop,Rooftop Site,174 Station Road,Derby,Derbyshire,DE2 4ST,53.005149,-1.580377,suburban,5G,Ericsson,15,0.87,1,Microwave,Grid,Active,2024-10-21,2025-09-22
460,DER-RUR-0460,Derby Rural Macro 3,Rural,Rural Macro,85 Mill Lane,Derby,Derbyshire,DE19 6VK,52.964666,-1.564222,suburban,5G,Ericsson,52,9.76,6,Fiber,Grid,Active,2024-03-29,2025-11-08
461,DER-MAC-0461,Derby Macro Cell 4,Macro,Macro Cell,62 King Street,Derby,Derbyshire,DE11 7GN,53.009257,-1.611942,suburban,5G,Ericsson,32,1.83,3,Fiber,Grid,Active,2024-03-25,2025-12-26
462,DER-MAC-0462,Derby Macro Cell 5,Macro,Macro Cell,51 Church Lane,Derby,Derbyshire,DE10 3HJ,52.781505,-1.590043,suburban,5G,Ericsson,36,2.38,3,Fiber,Grid + Generator,Degraded,2019-06-29,2025-08-28
463,DER-MAC-0463,Derby Macro Cell 6,Macro,Macro Cell,29 London Road,Derby,Derbyshire,DE7 5QH,52.778948,-1.371736,suburban,4G,Ericsson,37,2.52,3,Fiber,Grid,Active,2022-05-06,2025-04-06
464,DER-RUR-0464,Derby Rural Macro 7,Rural,Rural Macro,50 Market Street,Derby,Derbyshire,DE13 6LV,53.071808,-1.360101,suburban,4G,Ericsson,59,6.44,6,Fiber,Grid,Active,2016-06-19,2025-02-19
465,DER-SMA-0465,Derby Small Cell 8,Small,Small Cell,150 King Street,Derby,Derbyshire,DE7 2RX,53.028831,-1.536345,suburban,5G,Ericsson,9,0.39,3,Fiber,Grid,Active,2020-06-01,2025-04-15
466,DER-MAC-0466,Derby Macro Cell 9,Macro,Macro Cell,184 King Street,Derby,Derbyshire,DE16 5UN,53.037227,-1.399259,suburban,5G,Nokia,36,1.77,3,Fiber,Grid,Active,2024-11-22,2025-09-19
467,HUL-MAC-0467,Hull Macro Cell 1,Macro,Macro Cell,35 Main Road,Hull,East Yorkshire,HU10 8SM,53.687915,-0.411822,suburban,4G/5G,Nokia,36,1.74,3,Microwave,Grid,Active,2021-11-08,2025-05-07
468,HUL-SMA-0468,Hull Small Cell 2,Small,Small Cell,114 Church Lane,Hull,East Yorkshire,HU9 2MC,53.718512,-0.342055,suburban,4G/5G,Nokia,9,0.35,2,Microwave,Grid + Generator,Active,2023-04-16,2025-03-27
469,HUL-SMA-0469,Hull Small Cell 3,Small,Small Cell,85 Park Avenue,Hull,East Yorkshire,HU10 5GY,53.853362,-0.199418,suburban,5G,Ericsson,8,0.21,3,Fiber,Grid + Generator,Active,2022-09-29,2025-08-20
470,HUL-MAC-0470,Hull Macro Cell 4,Macro,Macro Cell,132 Station Road,Hull,East Yorkshire,HU13 4HZ,53.707442,-0.230707,suburban,4G/5G,Nokia,43,2.11,3,Microwave,Grid,Active,2019-02-18,2025-04-11
471,HUL-SMA-0471,Hull Small Cell 5,Small,Small Cell,179 Queen Street,Hull,East Yorkshire,HU7 8QT,53.783385,-0.336779,suburban,4G,Ericsson,8,0.23,1,Fiber,Grid,Active,2019-10-23,2025-03-11
472,HUL-ROO-0472,Hull Rooftop Site 6,Rooftop,Rooftop Site,193 Queen Street,Hull,East Yorkshire,HU18 5LU,53.709272,-0.256058,suburban,4G/5G,Huawei,22,0.85,1,Microwave,Grid,Active,2023-09-13,2025-10-21
473,HUL-MAC-0473,Hull Macro Cell 7,Macro,Macro Cell,101 Main Road,Hull,East Yorkshire,HU18 7GR,53.903391,-0.378325,suburban,4G/5G,Nokia,37,2.41,3,Fiber,Grid + Generator,Active,2023-04-11,2025-05-14
474,HUL-SMA-0474,Hull Small Cell 8,Small,Small Cell,51 Main Road,Hull,East Yorkshire,HU13 5GH,53.708994,-0.425973,suburban,4G/5G,Ericsson,14,0.45,2,Microwave,Grid,Active,2024-06-24,2025-05-13
475,HUL-MAC-0475,Hull Macro Cell 9,Macro,Macro Cell,123 Main Road,Hull,East Yorkshire,HU13 4EG,53.77316,-0.425852,suburban,4G,Nokia,28,1.74,3,Microwave,Grid + Battery,Active,2016-06-12,2025-10-11
